{"type":"FeatureCollection","features":[{"type":"Feature","geometry":{"type":"Point","coordinates":[-71.066226,42.42742]},"properties":{}},{"type":"Feature","geometry":{"type":"Point","coordinates":[-71.031031,42.410739]},"properties":{"Leaf type":"broadleaved"}},{"type":"Feature","geometry":{"type":"Point","coordinates":[-71.047833,42.415029]},"properties":{}},{"type":"Feature","geometry":{"type":"Point","coordinates":[-71.048005,42.415606]},"properties":{}},{"type":"Feature","geometry":{"type":"Point","coordinates":[-71.04808,42.415514]},"properties":{}},{"type":"Feature","geometry":{"type":"Point","coordinates":[-71.048375,42.41537]},"properties":{}},{"type":"Feature","geometry":{"type":"Point","coordinates":[-71.049539,42.416503]},"properties":{}},{"type":"Feature","geometry":{"type":"Point","coordinates":[-71.049768,42.416361]},"properties":{}},{"type":"Feature","geometry":{"type":"Point","coordinates":[-71.049102,42.416214]},"properties":{}},{"type":"Feature","geometry":{"type":"Point","coordinates":[-71.049281,42.416329]},"properties":{}},{"type":"Feature","geometry":{"type":"Point","coordinates":[-71.048732,42.415988]},"properties":{}},{"type":"Feature","geometry":{"type":"Point","coordinates":[-71.048679,42.41598]},"properties":{}},{"type":"Feature","geometry":{"type":"Point","coordinates":[-71.048691,42.416018]},"properties":{}},{"type":"Feature","geometry":{"type":"Point","coordinates":[-71.048653,42.416024]},"properties":{}},{"type":"Feature","geometry":{"type":"Point","coordinates":[-71.048639,42.41599]},"properties":{}},{"type":"Feature","geometry":{"type":"Point","coordinates":[-71.048823,42.416237]},"properties":{}},{"type":"Feature","geometry":{"type":"Point","coordinates":[-71.048871,42.416282]},"properties":{}},{"type":"Feature","geometry":{"type":"Point","coordinates":[-71.048881,42.416333]},"properties":{}},{"type":"Feature","geometry":{"type":"Point","coordinates":[-71.048686,42.416705]},"properties":{}},{"type":"Feature","geometry":{"type":"Point","coordinates":[-71.048744,42.416682]},"properties":{}},{"type":"Feature","geometry":{"type":"Point","coordinates":[-71.048652,42.416656]},"properties":{}},{"type":"Feature","geometry":{"type":"Point","coordinates":[-71.048877,42.416536]},"properties":{}},{"type":"Feature","geometry":{"type":"Point","coordinates":[-71.048551,42.416862]},"properties":{}},{"type":"Feature","geometry":{"type":"Point","coordinates":[-71.048865,42.416624]},"properties":{}},{"type":"Feature","geometry":{"type":"Point","coordinates":[-71.048982,42.416678]},"properties":{}},{"type":"Feature","geometry":{"type":"Point","coordinates":[-71.04881,42.416671]},"properties":{}},{"type":"Feature","geometry":{"type":"Point","coordinates":[-71.048719,42.416635]},"properties":{}},{"type":"Feature","geometry":{"type":"Point","coordinates":[-71.048823,42.416732]},"properties":{}},{"type":"Feature","geometry":{"type":"Point","coordinates":[-71.047834,42.414915]},"properties":{}},{"type":"Feature","geometry":{"type":"Point","coordinates":[-71.047472,42.414601]},"properties":{}},{"type":"Feature","geometry":{"type":"Point","coordinates":[-71.047635,42.414744]},"properties":{}},{"type":"Feature","geometry":{"type":"Point","coordinates":[-71.047716,42.414811]},"properties":{}},{"type":"Feature","geometry":{"type":"Point","coordinates":[-71.046922,42.415738]},"properties":{}},{"type":"Feature","geometry":{"type":"Point","coordinates":[-71.046664,42.415636]},"properties":{}},{"type":"Feature","geometry":{"type":"Point","coordinates":[-71.046807,42.415652]},"properties":{}},{"type":"Feature","geometry":{"type":"Point","coordinates":[-71.046563,42.415502]},"properties":{}},{"type":"Feature","geometry":{"type":"Point","coordinates":[-71.046128,42.415562]},"properties":{}},{"type":"Feature","geometry":{"type":"Point","coordinates":[-71.046415,42.415384]},"properties":{}},{"type":"Feature","geometry":{"type":"Point","coordinates":[-71.046261,42.415407]},"properties":{}},{"type":"Feature","geometry":{"type":"Point","coordinates":[-71.04646,42.415273]},"properties":{}},{"type":"Feature","geometry":{"type":"Point","coordinates":[-71.046373,42.415329]},"properties":{}},{"type":"Feature","geometry":{"type":"Point","coordinates":[-71.046198,42.415198]},"properties":{}},{"type":"Feature","geometry":{"type":"Point","coordinates":[-71.046311,42.41516]},"properties":{}},{"type":"Feature","geometry":{"type":"Point","coordinates":[-71.046451,42.414881]},"properties":{}},{"type":"Feature","geometry":{"type":"Point","coordinates":[-71.046275,42.414895]},"properties":{}},{"type":"Feature","geometry":{"type":"Point","coordinates":[-71.046397,42.414799]},"properties":{}},{"type":"Feature","geometry":{"type":"Point","coordinates":[-71.046334,42.414543]},"properties":{}},{"type":"Feature","geometry":{"type":"Point","coordinates":[-71.046515,42.414367]},"properties":{}},{"type":"Feature","geometry":{"type":"Point","coordinates":[-71.046652,42.41459]},"properties":{}},{"type":"Feature","geometry":{"type":"Point","coordinates":[-71.046799,42.414469]},"properties":{}},{"type":"Feature","geometry":{"type":"Point","coordinates":[-71.046997,42.414191]},"properties":{}},{"type":"Feature","geometry":{"type":"Point","coordinates":[-71.046937,42.414356]},"properties":{}},{"type":"Feature","geometry":{"type":"Point","coordinates":[-71.046977,42.414449]},"properties":{}},{"type":"Feature","geometry":{"type":"Point","coordinates":[-71.046872,42.414534]},"properties":{}},{"type":"Feature","geometry":{"type":"Point","coordinates":[-71.046804,42.414588]},"properties":{}},{"type":"Feature","geometry":{"type":"Point","coordinates":[-71.046719,42.414659]},"properties":{}},{"type":"Feature","geometry":{"type":"Point","coordinates":[-71.047135,42.414571]},"properties":{}},{"type":"Feature","geometry":{"type":"Point","coordinates":[-71.047179,42.414605]},"properties":{}},{"type":"Feature","geometry":{"type":"Point","coordinates":[-71.047277,42.41468]},"properties":{}},{"type":"Feature","geometry":{"type":"Point","coordinates":[-71.047333,42.41472]},"properties":{}},{"type":"Feature","geometry":{"type":"Point","coordinates":[-71.047427,42.414802]},"properties":{}},{"type":"Feature","geometry":{"type":"Point","coordinates":[-71.047475,42.414856]},"properties":{}},{"type":"Feature","geometry":{"type":"Point","coordinates":[-71.047578,42.414926]},"properties":{}},{"type":"Feature","geometry":{"type":"Point","coordinates":[-71.047626,42.414975]},"properties":{}},{"type":"Feature","geometry":{"type":"Point","coordinates":[-71.048536,42.414188]},"properties":{}},{"type":"Feature","geometry":{"type":"Point","coordinates":[-71.049228,42.414766]},"properties":{}},{"type":"Feature","geometry":{"type":"Point","coordinates":[-71.049115,42.41469]},"properties":{}},{"type":"Feature","geometry":{"type":"Point","coordinates":[-71.050656,42.421612]},"properties":{"Leaf type":"broadleaved"}},{"type":"Feature","geometry":{"type":"Point","coordinates":[-71.050852,42.421527]},"properties":{"Leaf type":"broadleaved"}},{"type":"Feature","geometry":{"type":"Point","coordinates":[-71.050949,42.421447]},"properties":{"Leaf type":"broadleaved"}},{"type":"Feature","geometry":{"type":"Point","coordinates":[-71.053014,42.415047]},"properties":{}},{"type":"Feature","geometry":{"type":"Point","coordinates":[-71.05236,42.415115]},"properties":{}},{"type":"Feature","geometry":{"type":"Point","coordinates":[-71.052487,42.414873]},"properties":{}},{"type":"Feature","geometry":{"type":"Point","coordinates":[-71.052575,42.414951]},"properties":{}},{"type":"Feature","geometry":{"type":"Point","coordinates":[-71.052643,42.41487]},"properties":{}},{"type":"Feature","geometry":{"type":"Point","coordinates":[-71.052387,42.414941]},"properties":{}},{"type":"Feature","geometry":{"type":"Point","coordinates":[-71.052735,42.414835]},"properties":{}},{"type":"Feature","geometry":{"type":"Point","coordinates":[-71.052525,42.415338]},"properties":{}},{"type":"Feature","geometry":{"type":"Point","coordinates":[-71.052856,42.415127]},"properties":{}},{"type":"Feature","geometry":{"type":"Point","coordinates":[-71.05295,42.414848]},"properties":{}},{"type":"Feature","geometry":{"type":"Point","coordinates":[-71.053056,42.414974]},"properties":{}},{"type":"Feature","geometry":{"type":"Point","coordinates":[-71.052477,42.415091]},"properties":{}},{"type":"Feature","geometry":{"type":"Point","coordinates":[-71.052694,42.415311]},"properties":{}},{"type":"Feature","geometry":{"type":"Point","coordinates":[-71.052571,42.415146]},"properties":{}},{"type":"Feature","geometry":{"type":"Point","coordinates":[-71.052835,42.415191]},"properties":{}},{"type":"Feature","geometry":{"type":"Point","coordinates":[-71.053129,42.415019]},"properties":{}},{"type":"Feature","geometry":{"type":"Point","coordinates":[-71.052762,42.415195]},"properties":{}},{"type":"Feature","geometry":{"type":"Point","coordinates":[-71.0524,42.415036]},"properties":{}},{"type":"Feature","geometry":{"type":"Point","coordinates":[-71.052336,42.414991]},"properties":{}},{"type":"Feature","geometry":{"type":"Point","coordinates":[-71.052283,42.415031]},"properties":{}},{"type":"Feature","geometry":{"type":"Point","coordinates":[-71.052713,42.414923]},"properties":{}},{"type":"Feature","geometry":{"type":"Point","coordinates":[-71.052637,42.414782]},"properties":{}},{"type":"Feature","geometry":{"type":"Point","coordinates":[-71.05119,42.421513]},"properties":{"Leaf type":"broadleaved"}},{"type":"Feature","geometry":{"type":"Point","coordinates":[-71.051216,42.421492]},"properties":{"Leaf type":"broadleaved"}},{"type":"Feature","geometry":{"type":"Point","coordinates":[-71.051247,42.42147]},"properties":{"Leaf type":"broadleaved"}},{"type":"Feature","geometry":{"type":"Point","coordinates":[-71.051351,42.421476]},"properties":{"Leaf type":"broadleaved"}},{"type":"Feature","geometry":{"type":"Point","coordinates":[-71.051322,42.421659]},"properties":{"Leaf type":"broadleaved"}},{"type":"Feature","geometry":{"type":"Point","coordinates":[-71.05137,42.421625]},"properties":{"Leaf type":"broadleaved"}},{"type":"Feature","geometry":{"type":"Point","coordinates":[-71.051416,42.4216]},"properties":{"Leaf type":"broadleaved"}},{"type":"Feature","geometry":{"type":"Point","coordinates":[-71.051428,42.421542]},"properties":{"Leaf type":"broadleaved"}},{"type":"Feature","geometry":{"type":"Point","coordinates":[-71.051474,42.42158]},"properties":{"Leaf type":"broadleaved"}},{"type":"Feature","geometry":{"type":"Point","coordinates":[-71.051538,42.421632]},"properties":{"Leaf type":"broadleaved"}},{"type":"Feature","geometry":{"type":"Point","coordinates":[-71.051596,42.421681]},"properties":{"Leaf type":"broadleaved"}},{"type":"Feature","geometry":{"type":"Point","coordinates":[-71.051674,42.421746]},"properties":{"Leaf type":"broadleaved"}},{"type":"Feature","geometry":{"type":"Point","coordinates":[-71.051628,42.421847]},"properties":{"Leaf type":"broadleaved"}},{"type":"Feature","geometry":{"type":"Point","coordinates":[-71.051678,42.421813]},"properties":{"Leaf type":"broadleaved"}},{"type":"Feature","geometry":{"type":"Point","coordinates":[-71.05192,42.421673]},"properties":{"Leaf type":"broadleaved"}},{"type":"Feature","geometry":{"type":"Point","coordinates":[-71.052186,42.421617]},"properties":{"Leaf type":"broadleaved"}},{"type":"Feature","geometry":{"type":"Point","coordinates":[-71.052397,42.42146]},"properties":{"Leaf type":"broadleaved"}},{"type":"Feature","geometry":{"type":"Point","coordinates":[-71.052649,42.421506]},"properties":{}},{"type":"Feature","geometry":{"type":"Point","coordinates":[-71.052509,42.421374]},"properties":{"Leaf type":"broadleaved"}},{"type":"Feature","geometry":{"type":"Point","coordinates":[-71.052933,42.421309]},"properties":{"Leaf type":"broadleaved"}},{"type":"Feature","geometry":{"type":"Point","coordinates":[-71.05285,42.421292]},"properties":{"Leaf type":"broadleaved"}},{"type":"Feature","geometry":{"type":"Point","coordinates":[-71.05265,42.421274]},"properties":{"Leaf type":"broadleaved"}},{"type":"Feature","geometry":{"type":"Point","coordinates":[-71.052764,42.421259]},"properties":{"Leaf type":"broadleaved"}},{"type":"Feature","geometry":{"type":"Point","coordinates":[-71.052824,42.421229]},"properties":{"Leaf type":"broadleaved"}},{"type":"Feature","geometry":{"type":"Point","coordinates":[-71.052809,42.42102]},"properties":{"Leaf type":"broadleaved"}},{"type":"Feature","geometry":{"type":"Point","coordinates":[-71.052962,42.421174]},"properties":{"Leaf type":"broadleaved"}},{"type":"Feature","geometry":{"type":"Point","coordinates":[-71.052962,42.421108]},"properties":{"Leaf type":"broadleaved"}},{"type":"Feature","geometry":{"type":"Point","coordinates":[-71.053173,42.420958]},"properties":{"Leaf type":"broadleaved"}},{"type":"Feature","geometry":{"type":"Point","coordinates":[-71.053816,42.421141]},"properties":{}},{"type":"Feature","geometry":{"type":"Point","coordinates":[-71.053828,42.421091]},"properties":{}},{"type":"Feature","geometry":{"type":"Point","coordinates":[-71.053601,42.421194]},"properties":{}},{"type":"Feature","geometry":{"type":"Point","coordinates":[-71.053556,42.421068]},"properties":{}},{"type":"Feature","geometry":{"type":"Point","coordinates":[-71.05322,42.420729]},"properties":{"Leaf type":"broadleaved"}},{"type":"Feature","geometry":{"type":"Point","coordinates":[-71.053303,42.420665]},"properties":{"Leaf type":"broadleaved"}},{"type":"Feature","geometry":{"type":"Point","coordinates":[-71.053408,42.420587]},"properties":{"Leaf type":"broadleaved"}},{"type":"Feature","geometry":{"type":"Point","coordinates":[-71.053438,42.420696]},"properties":{"Leaf type":"broadleaved"}},{"type":"Feature","geometry":{"type":"Point","coordinates":[-71.053814,42.420426]},"properties":{}},{"type":"Feature","geometry":{"type":"Point","coordinates":[-71.053941,42.420466]},"properties":{}},{"type":"Feature","geometry":{"type":"Point","coordinates":[-71.054005,42.420505]},"properties":{}},{"type":"Feature","geometry":{"type":"Point","coordinates":[-71.053835,42.420451]},"properties":{}},{"type":"Feature","geometry":{"type":"Point","coordinates":[-71.054007,42.420285]},"properties":{}},{"type":"Feature","geometry":{"type":"Point","coordinates":[-71.049835,42.422224]},"properties":{}},{"type":"Feature","geometry":{"type":"Point","coordinates":[-71.049584,42.422046]},"properties":{}},{"type":"Feature","geometry":{"type":"Point","coordinates":[-71.049674,42.422114]},"properties":{}},{"type":"Feature","geometry":{"type":"Point","coordinates":[-71.049911,42.422336]},"properties":{}},{"type":"Feature","geometry":{"type":"Point","coordinates":[-71.050053,42.422386]},"properties":{}},{"type":"Feature","geometry":{"type":"Point","coordinates":[-71.050008,42.42241]},"properties":{}},{"type":"Feature","geometry":{"type":"Point","coordinates":[-71.04969,42.42268]},"properties":{}},{"type":"Feature","geometry":{"type":"Point","coordinates":[-71.049319,42.422911]},"properties":{}},{"type":"Feature","geometry":{"type":"Point","coordinates":[-71.0495,42.422947]},"properties":{}},{"type":"Feature","geometry":{"type":"Point","coordinates":[-71.051676,42.421987]},"properties":{"Leaf type":"broadleaved"}},{"type":"Feature","geometry":{"type":"Point","coordinates":[-71.051372,42.422209]},"properties":{"Leaf type":"broadleaved"}},{"type":"Feature","geometry":{"type":"Point","coordinates":[-71.051182,42.422351]},"properties":{"Leaf type":"broadleaved"}},{"type":"Feature","geometry":{"type":"Point","coordinates":[-71.051032,42.422456]},"properties":{"Leaf type":"broadleaved"}},{"type":"Feature","geometry":{"type":"Point","coordinates":[-71.050768,42.422472]},"properties":{"Leaf type":"broadleaved"}},{"type":"Feature","geometry":{"type":"Point","coordinates":[-71.05068,42.422533]},"properties":{"Leaf type":"broadleaved"}},{"type":"Feature","geometry":{"type":"Point","coordinates":[-71.050595,42.422585]},"properties":{"Leaf type":"broadleaved"}},{"type":"Feature","geometry":{"type":"Point","coordinates":[-71.050472,42.422514]},"properties":{"Leaf type":"broadleaved"}},{"type":"Feature","geometry":{"type":"Point","coordinates":[-71.050378,42.422441]},"properties":{}},{"type":"Feature","geometry":{"type":"Point","coordinates":[-71.050379,42.42066]},"properties":{}},{"type":"Feature","geometry":{"type":"Point","coordinates":[-71.050588,42.420906]},"properties":{}},{"type":"Feature","geometry":{"type":"Point","coordinates":[-71.050369,42.420994]},"properties":{}},{"type":"Feature","geometry":{"type":"Point","coordinates":[-71.050386,42.420976]},"properties":{}},{"type":"Feature","geometry":{"type":"Point","coordinates":[-71.050415,42.420952]},"properties":{}},{"type":"Feature","geometry":{"type":"Point","coordinates":[-71.050439,42.42093]},"properties":{}},{"type":"Feature","geometry":{"type":"Point","coordinates":[-71.050471,42.420909]},"properties":{}},{"type":"Feature","geometry":{"type":"Point","coordinates":[-71.050496,42.420892]},"properties":{}},{"type":"Feature","geometry":{"type":"Point","coordinates":[-71.050529,42.42088]},"properties":{}},{"type":"Feature","geometry":{"type":"Point","coordinates":[-71.050563,42.420854]},"properties":{}},{"type":"Feature","geometry":{"type":"Point","coordinates":[-71.034089,42.445788]},"properties":{}},{"type":"Feature","geometry":{"type":"Point","coordinates":[-71.034326,42.445797]},"properties":{}},{"type":"Feature","geometry":{"type":"Point","coordinates":[-71.076963,42.427195]},"properties":{}},{"type":"Feature","geometry":{"type":"Point","coordinates":[-71.050272,42.419885]},"properties":{}},{"type":"Feature","geometry":{"type":"Point","coordinates":[-71.05018,42.419953]},"properties":{}},{"type":"Feature","geometry":{"type":"Point","coordinates":[-71.050805,42.419486]},"properties":{}},{"type":"Feature","geometry":{"type":"Point","coordinates":[-71.051147,42.419203]},"properties":{}},{"type":"Feature","geometry":{"type":"Point","coordinates":[-71.051489,42.418897]},"properties":{}},{"type":"Feature","geometry":{"type":"Point","coordinates":[-71.052056,42.418964]},"properties":{}},{"type":"Feature","geometry":{"type":"Point","coordinates":[-71.052188,42.418956]},"properties":{}},{"type":"Feature","geometry":{"type":"Point","coordinates":[-71.051582,42.419083]},"properties":{}},{"type":"Feature","geometry":{"type":"Point","coordinates":[-71.051914,42.419065]},"properties":{}},{"type":"Feature","geometry":{"type":"Point","coordinates":[-71.051844,42.419225]},"properties":{}},{"type":"Feature","geometry":{"type":"Point","coordinates":[-71.051907,42.419167]},"properties":{}},{"type":"Feature","geometry":{"type":"Point","coordinates":[-71.051754,42.419623]},"properties":{}},{"type":"Feature","geometry":{"type":"Point","coordinates":[-71.051735,42.419298]},"properties":{}},{"type":"Feature","geometry":{"type":"Point","coordinates":[-71.051548,42.419337]},"properties":{}},{"type":"Feature","geometry":{"type":"Point","coordinates":[-71.051443,42.419405]},"properties":{}},{"type":"Feature","geometry":{"type":"Point","coordinates":[-71.051249,42.419497]},"properties":{}},{"type":"Feature","geometry":{"type":"Point","coordinates":[-71.051284,42.419522]},"properties":{}},{"type":"Feature","geometry":{"type":"Point","coordinates":[-71.051073,42.419672]},"properties":{}},{"type":"Feature","geometry":{"type":"Point","coordinates":[-71.051258,42.419657]},"properties":{}},{"type":"Feature","geometry":{"type":"Point","coordinates":[-71.050969,42.419855]},"properties":{}},{"type":"Feature","geometry":{"type":"Point","coordinates":[-71.050895,42.41991]},"properties":{}},{"type":"Feature","geometry":{"type":"Point","coordinates":[-71.051002,42.420106]},"properties":{}},{"type":"Feature","geometry":{"type":"Point","coordinates":[-71.050936,42.420228]},"properties":{}},{"type":"Feature","geometry":{"type":"Point","coordinates":[-71.050672,42.41997]},"properties":{}},{"type":"Feature","geometry":{"type":"Point","coordinates":[-71.050611,42.420016]},"properties":{}},{"type":"Feature","geometry":{"type":"Point","coordinates":[-71.050536,42.420069]},"properties":{}},{"type":"Feature","geometry":{"type":"Point","coordinates":[-71.050447,42.420124]},"properties":{}},{"type":"Feature","geometry":{"type":"Point","coordinates":[-71.050388,42.420172]},"properties":{}},{"type":"Feature","geometry":{"type":"Point","coordinates":[-71.050517,42.42019]},"properties":{}},{"type":"Feature","geometry":{"type":"Point","coordinates":[-71.050059,42.420648]},"properties":{}},{"type":"Feature","geometry":{"type":"Point","coordinates":[-71.050146,42.420612]},"properties":{}},{"type":"Feature","geometry":{"type":"Point","coordinates":[-71.05126,42.420246]},"properties":{}},{"type":"Feature","geometry":{"type":"Point","coordinates":[-71.051337,42.420309]},"properties":{}},{"type":"Feature","geometry":{"type":"Point","coordinates":[-71.053403,42.419287]},"properties":{}},{"type":"Feature","geometry":{"type":"Point","coordinates":[-71.052972,42.419723]},"properties":{}},{"type":"Feature","geometry":{"type":"Point","coordinates":[-71.052037,42.4201]},"properties":{}},{"type":"Feature","geometry":{"type":"Point","coordinates":[-71.053025,42.42026]},"properties":{}},{"type":"Feature","geometry":{"type":"Point","coordinates":[-71.053035,42.420522]},"properties":{"Leaf type":"broadleaved"}},{"type":"Feature","geometry":{"type":"Point","coordinates":[-71.052987,42.420281]},"properties":{}},{"type":"Feature","geometry":{"type":"Point","coordinates":[-71.053076,42.42032]},"properties":{}},{"type":"Feature","geometry":{"type":"Point","coordinates":[-71.053409,42.420221]},"properties":{}},{"type":"Feature","geometry":{"type":"Point","coordinates":[-71.053256,42.420345]},"properties":{}},{"type":"Feature","geometry":{"type":"Point","coordinates":[-71.0528,42.419234]},"properties":{}},{"type":"Feature","geometry":{"type":"Point","coordinates":[-71.052443,42.419555]},"properties":{}},{"type":"Feature","geometry":{"type":"Point","coordinates":[-71.052101,42.419739]},"properties":{}},{"type":"Feature","geometry":{"type":"Point","coordinates":[-71.052282,42.419615]},"properties":{}},{"type":"Feature","geometry":{"type":"Point","coordinates":[-71.052004,42.4197]},"properties":{}},{"type":"Feature","geometry":{"type":"Point","coordinates":[-71.051888,42.419787]},"properties":{}},{"type":"Feature","geometry":{"type":"Point","coordinates":[-71.05199,42.419829]},"properties":{}},{"type":"Feature","geometry":{"type":"Point","coordinates":[-71.051855,42.419925]},"properties":{}},{"type":"Feature","geometry":{"type":"Point","coordinates":[-71.051652,42.419955]},"properties":{}},{"type":"Feature","geometry":{"type":"Point","coordinates":[-71.05153,42.420046]},"properties":{}},{"type":"Feature","geometry":{"type":"Point","coordinates":[-71.051699,42.420046]},"properties":{}},{"type":"Feature","geometry":{"type":"Point","coordinates":[-71.051578,42.420134]},"properties":{}},{"type":"Feature","geometry":{"type":"Point","coordinates":[-71.051353,42.420173]},"properties":{}},{"type":"Feature","geometry":{"type":"Point","coordinates":[-71.051156,42.420326]},"properties":{}},{"type":"Feature","geometry":{"type":"Point","coordinates":[-71.051468,42.420507]},"properties":{}},{"type":"Feature","geometry":{"type":"Point","coordinates":[-71.05141,42.420469]},"properties":{}},{"type":"Feature","geometry":{"type":"Point","coordinates":[-71.051014,42.420547]},"properties":{}},{"type":"Feature","geometry":{"type":"Point","coordinates":[-71.05109,42.420742]},"properties":{}},{"type":"Feature","geometry":{"type":"Point","coordinates":[-71.051038,42.420702]},"properties":{}},{"type":"Feature","geometry":{"type":"Point","coordinates":[-71.051031,42.420703]},"properties":{}},{"type":"Feature","geometry":{"type":"Point","coordinates":[-71.050708,42.420652]},"properties":{}},{"type":"Feature","geometry":{"type":"Point","coordinates":[-71.050559,42.420659]},"properties":{}},{"type":"Feature","geometry":{"type":"Point","coordinates":[-71.05061,42.420633]},"properties":{}},{"type":"Feature","geometry":{"type":"Point","coordinates":[-71.050636,42.419167]},"properties":{}},{"type":"Feature","geometry":{"type":"Point","coordinates":[-71.050482,42.41889]},"properties":{}},{"type":"Feature","geometry":{"type":"Point","coordinates":[-71.048591,42.418801]},"properties":{}},{"type":"Feature","geometry":{"type":"Point","coordinates":[-71.048676,42.418795]},"properties":{}},{"type":"Feature","geometry":{"type":"Point","coordinates":[-71.048596,42.418766]},"properties":{}},{"type":"Feature","geometry":{"type":"Point","coordinates":[-71.048742,42.418846]},"properties":{}},{"type":"Feature","geometry":{"type":"Point","coordinates":[-71.048158,42.418813]},"properties":{}},{"type":"Feature","geometry":{"type":"Point","coordinates":[-71.048549,42.418968]},"properties":{}},{"type":"Feature","geometry":{"type":"Point","coordinates":[-71.047948,42.418832]},"properties":{}},{"type":"Feature","geometry":{"type":"Point","coordinates":[-71.048233,42.418619]},"properties":{}},{"type":"Feature","geometry":{"type":"Point","coordinates":[-71.048365,42.418606]},"properties":{}},{"type":"Feature","geometry":{"type":"Point","coordinates":[-71.04844,42.418671]},"properties":{}},{"type":"Feature","geometry":{"type":"Point","coordinates":[-71.048965,42.418018]},"properties":{}},{"type":"Feature","geometry":{"type":"Point","coordinates":[-71.048542,42.418442]},"properties":{}},{"type":"Feature","geometry":{"type":"Point","coordinates":[-71.048627,42.418357]},"properties":{}},{"type":"Feature","geometry":{"type":"Point","coordinates":[-71.04871,42.418717]},"properties":{}},{"type":"Feature","geometry":{"type":"Point","coordinates":[-71.048723,42.419047]},"properties":{}},{"type":"Feature","geometry":{"type":"Point","coordinates":[-71.048876,42.419043]},"properties":{}},{"type":"Feature","geometry":{"type":"Point","coordinates":[-71.048934,42.418888]},"properties":{}},{"type":"Feature","geometry":{"type":"Point","coordinates":[-71.04905,42.418804]},"properties":{}},{"type":"Feature","geometry":{"type":"Point","coordinates":[-71.049232,42.418768]},"properties":{}},{"type":"Feature","geometry":{"type":"Point","coordinates":[-71.049334,42.418693]},"properties":{}},{"type":"Feature","geometry":{"type":"Point","coordinates":[-71.049435,42.418626]},"properties":{}},{"type":"Feature","geometry":{"type":"Point","coordinates":[-71.049647,42.418352]},"properties":{}},{"type":"Feature","geometry":{"type":"Point","coordinates":[-71.049534,42.418442]},"properties":{}},{"type":"Feature","geometry":{"type":"Point","coordinates":[-71.049637,42.418473]},"properties":{}},{"type":"Feature","geometry":{"type":"Point","coordinates":[-71.04984,42.418322]},"properties":{}},{"type":"Feature","geometry":{"type":"Point","coordinates":[-71.049843,42.418209]},"properties":{}},{"type":"Feature","geometry":{"type":"Point","coordinates":[-71.049941,42.418136]},"properties":{}},{"type":"Feature","geometry":{"type":"Point","coordinates":[-71.050113,42.418014]},"properties":{}},{"type":"Feature","geometry":{"type":"Point","coordinates":[-71.049928,42.418606]},"properties":{}},{"type":"Feature","geometry":{"type":"Point","coordinates":[-71.050047,42.418477]},"properties":{}},{"type":"Feature","geometry":{"type":"Point","coordinates":[-71.049458,42.418133]},"properties":{}},{"type":"Feature","geometry":{"type":"Point","coordinates":[-71.049074,42.417799]},"properties":{}},{"type":"Feature","geometry":{"type":"Point","coordinates":[-71.049129,42.417737]},"properties":{}},{"type":"Feature","geometry":{"type":"Point","coordinates":[-71.049182,42.417837]},"properties":{}},{"type":"Feature","geometry":{"type":"Point","coordinates":[-71.049227,42.417786]},"properties":{}},{"type":"Feature","geometry":{"type":"Point","coordinates":[-71.049283,42.417753]},"properties":{}},{"type":"Feature","geometry":{"type":"Point","coordinates":[-71.049366,42.417719]},"properties":{}},{"type":"Feature","geometry":{"type":"Point","coordinates":[-71.049478,42.417768]},"properties":{}},{"type":"Feature","geometry":{"type":"Point","coordinates":[-71.049588,42.417835]},"properties":{}},{"type":"Feature","geometry":{"type":"Point","coordinates":[-71.042642,42.421666]},"properties":{}},{"type":"Feature","geometry":{"type":"Point","coordinates":[-71.041808,42.422124]},"properties":{}},{"type":"Feature","geometry":{"type":"Point","coordinates":[-71.04195,42.422214]},"properties":{}},{"type":"Feature","geometry":{"type":"Point","coordinates":[-71.041885,42.42213]},"properties":{}},{"type":"Feature","geometry":{"type":"Point","coordinates":[-71.042703,42.42292]},"properties":{}},{"type":"Feature","geometry":{"type":"Point","coordinates":[-71.043591,42.424754]},"properties":{}},{"type":"Feature","geometry":{"type":"Point","coordinates":[-71.043534,42.424746]},"properties":{}},{"type":"Feature","geometry":{"type":"Point","coordinates":[-71.043376,42.424737]},"properties":{}},{"type":"Feature","geometry":{"type":"Point","coordinates":[-71.043307,42.424727]},"properties":{}},{"type":"Feature","geometry":{"type":"Point","coordinates":[-71.043629,42.424591]},"properties":{}},{"type":"Feature","geometry":{"type":"Point","coordinates":[-71.043545,42.424574]},"properties":{}},{"type":"Feature","geometry":{"type":"Point","coordinates":[-71.043535,42.424623]},"properties":{}},{"type":"Feature","geometry":{"type":"Point","coordinates":[-71.043465,42.424607]},"properties":{}},{"type":"Feature","geometry":{"type":"Point","coordinates":[-71.04332,42.424556]},"properties":{}},{"type":"Feature","geometry":{"type":"Point","coordinates":[-71.043393,42.424576]},"properties":{}},{"type":"Feature","geometry":{"type":"Point","coordinates":[-71.040362,42.424775]},"properties":{}},{"type":"Feature","geometry":{"type":"Point","coordinates":[-71.040272,42.424862]},"properties":{}},{"type":"Feature","geometry":{"type":"Point","coordinates":[-71.040334,42.424846]},"properties":{}},{"type":"Feature","geometry":{"type":"Point","coordinates":[-71.040405,42.42487]},"properties":{}},{"type":"Feature","geometry":{"type":"Point","coordinates":[-71.042936,42.412314]},"properties":{}},{"type":"Feature","geometry":{"type":"Point","coordinates":[-71.042707,42.412646]},"properties":{}},{"type":"Feature","geometry":{"type":"Point","coordinates":[-71.0428,42.412509]},"properties":{}},{"type":"Feature","geometry":{"type":"Point","coordinates":[-71.042957,42.41252]},"properties":{}},{"type":"Feature","geometry":{"type":"Point","coordinates":[-71.042828,42.412705]},"properties":{}},{"type":"Feature","geometry":{"type":"Point","coordinates":[-71.042792,42.412739]},"properties":{}},{"type":"Feature","geometry":{"type":"Point","coordinates":[-71.042131,42.412707]},"properties":{}},{"type":"Feature","geometry":{"type":"Point","coordinates":[-71.041971,42.412675]},"properties":{}},{"type":"Feature","geometry":{"type":"Point","coordinates":[-71.041998,42.412602]},"properties":{}},{"type":"Feature","geometry":{"type":"Point","coordinates":[-71.042073,42.412616]},"properties":{}},{"type":"Feature","geometry":{"type":"Point","coordinates":[-71.042254,42.41265]},"properties":{}},{"type":"Feature","geometry":{"type":"Point","coordinates":[-71.042272,42.412733]},"properties":{}},{"type":"Feature","geometry":{"type":"Point","coordinates":[-71.038151,42.411403]},"properties":{}},{"type":"Feature","geometry":{"type":"Point","coordinates":[-71.038306,42.410808]},"properties":{}},{"type":"Feature","geometry":{"type":"Point","coordinates":[-71.038693,42.410053]},"properties":{}},{"type":"Feature","geometry":{"type":"Point","coordinates":[-71.038871,42.410097]},"properties":{}},{"type":"Feature","geometry":{"type":"Point","coordinates":[-71.039194,42.410173]},"properties":{}},{"type":"Feature","geometry":{"type":"Point","coordinates":[-71.039601,42.410274]},"properties":{}},{"type":"Feature","geometry":{"type":"Point","coordinates":[-71.039067,42.410907]},"properties":{}},{"type":"Feature","geometry":{"type":"Point","coordinates":[-71.038965,42.411239]},"properties":{}},{"type":"Feature","geometry":{"type":"Point","coordinates":[-71.038768,42.411358]},"properties":{}},{"type":"Feature","geometry":{"type":"Point","coordinates":[-71.039845,42.410982]},"properties":{}},{"type":"Feature","geometry":{"type":"Point","coordinates":[-71.039773,42.411089]},"properties":{}},{"type":"Feature","geometry":{"type":"Point","coordinates":[-71.039702,42.411189]},"properties":{}},{"type":"Feature","geometry":{"type":"Point","coordinates":[-71.037274,42.409709]},"properties":{}},{"type":"Feature","geometry":{"type":"Point","coordinates":[-71.03752,42.409768]},"properties":{}},{"type":"Feature","geometry":{"type":"Point","coordinates":[-71.037905,42.409861]},"properties":{}},{"type":"Feature","geometry":{"type":"Point","coordinates":[-71.038646,42.410294]},"properties":{}},{"type":"Feature","geometry":{"type":"Point","coordinates":[-71.038568,42.41041]},"properties":{}},{"type":"Feature","geometry":{"type":"Point","coordinates":[-71.040649,42.410996]},"properties":{}},{"type":"Feature","geometry":{"type":"Point","coordinates":[-71.040509,42.411206]},"properties":{}},{"type":"Feature","geometry":{"type":"Point","coordinates":[-71.040671,42.410581]},"properties":{}},{"type":"Feature","geometry":{"type":"Point","coordinates":[-71.040313,42.410451]},"properties":{}},{"type":"Feature","geometry":{"type":"Point","coordinates":[-71.040443,42.410497]},"properties":{}},{"type":"Feature","geometry":{"type":"Point","coordinates":[-71.039996,42.410369]},"properties":{}},{"type":"Feature","geometry":{"type":"Point","coordinates":[-71.04135,42.410828]},"properties":{}},{"type":"Feature","geometry":{"type":"Point","coordinates":[-71.041799,42.410969]},"properties":{}},{"type":"Feature","geometry":{"type":"Point","coordinates":[-71.04045,42.409403]},"properties":{}},{"type":"Feature","geometry":{"type":"Point","coordinates":[-71.0432,42.409436]},"properties":{}},{"type":"Feature","geometry":{"type":"Point","coordinates":[-71.04276,42.409803]},"properties":{}},{"type":"Feature","geometry":{"type":"Point","coordinates":[-71.042628,42.409757]},"properties":{}},{"type":"Feature","geometry":{"type":"Point","coordinates":[-71.042477,42.409702]},"properties":{}},{"type":"Feature","geometry":{"type":"Point","coordinates":[-71.042107,42.40957]},"properties":{}},{"type":"Feature","geometry":{"type":"Point","coordinates":[-71.041925,42.409501]},"properties":{}},{"type":"Feature","geometry":{"type":"Point","coordinates":[-71.041627,42.409394]},"properties":{}},{"type":"Feature","geometry":{"type":"Point","coordinates":[-71.041395,42.409308]},"properties":{}},{"type":"Feature","geometry":{"type":"Point","coordinates":[-71.041171,42.409235]},"properties":{}},{"type":"Feature","geometry":{"type":"Point","coordinates":[-71.042712,42.409162]},"properties":{}},{"type":"Feature","geometry":{"type":"Point","coordinates":[-71.043082,42.409172]},"properties":{}},{"type":"Feature","geometry":{"type":"Point","coordinates":[-71.043048,42.409244]},"properties":{}},{"type":"Feature","geometry":{"type":"Point","coordinates":[-71.042922,42.409134]},"properties":{}},{"type":"Feature","geometry":{"type":"Point","coordinates":[-71.042717,42.409084]},"properties":{}},{"type":"Feature","geometry":{"type":"Point","coordinates":[-71.042568,42.409048]},"properties":{}},{"type":"Feature","geometry":{"type":"Point","coordinates":[-71.042366,42.408997]},"properties":{}},{"type":"Feature","geometry":{"type":"Point","coordinates":[-71.042203,42.408958]},"properties":{}},{"type":"Feature","geometry":{"type":"Point","coordinates":[-71.042439,42.409093]},"properties":{}},{"type":"Feature","geometry":{"type":"Point","coordinates":[-71.042287,42.409056]},"properties":{}},{"type":"Feature","geometry":{"type":"Point","coordinates":[-71.041864,42.408952]},"properties":{}},{"type":"Feature","geometry":{"type":"Point","coordinates":[-71.04217,42.409027]},"properties":{}},{"type":"Feature","geometry":{"type":"Point","coordinates":[-71.039371,42.408801]},"properties":{}},{"type":"Feature","geometry":{"type":"Point","coordinates":[-71.040193,42.408996]},"properties":{}},{"type":"Feature","geometry":{"type":"Point","coordinates":[-71.038887,42.410213]},"properties":{}},{"type":"Feature","geometry":{"type":"Point","coordinates":[-71.038937,42.410552]},"properties":{}},{"type":"Feature","geometry":{"type":"Point","coordinates":[-71.03866,42.410971]},"properties":{}},{"type":"Feature","geometry":{"type":"Point","coordinates":[-71.03874,42.410847]},"properties":{}},{"type":"Feature","geometry":{"type":"Point","coordinates":[-71.035847,42.409788]},"properties":{}},{"type":"Feature","geometry":{"type":"Point","coordinates":[-71.036284,42.410204]},"properties":{}},{"type":"Feature","geometry":{"type":"Point","coordinates":[-71.036396,42.41028]},"properties":{}},{"type":"Feature","geometry":{"type":"Point","coordinates":[-71.037298,42.410806]},"properties":{}},{"type":"Feature","geometry":{"type":"Point","coordinates":[-71.037898,42.411225]},"properties":{}},{"type":"Feature","geometry":{"type":"Point","coordinates":[-71.03777,42.411134]},"properties":{}},{"type":"Feature","geometry":{"type":"Point","coordinates":[-71.037614,42.411026]},"properties":{}},{"type":"Feature","geometry":{"type":"Point","coordinates":[-71.029135,42.44382]},"properties":{"Leaf type":"broadleaved"}},{"type":"Feature","geometry":{"type":"Point","coordinates":[-71.072762,42.427308]},"properties":{"Leaf type":"broadleaved"}},{"type":"Feature","geometry":{"type":"Point","coordinates":[-71.072627,42.427299]},"properties":{"Leaf type":"broadleaved"}},{"type":"Feature","geometry":{"type":"Point","coordinates":[-71.07245,42.427289]},"properties":{"Leaf type":"broadleaved"}},{"type":"Feature","geometry":{"type":"Point","coordinates":[-71.072268,42.427555]},"properties":{"Leaf type":"broadleaved"}},{"type":"Feature","geometry":{"type":"Point","coordinates":[-71.072275,42.427487]},"properties":{"Leaf type":"broadleaved"}},{"type":"Feature","geometry":{"type":"Point","coordinates":[-71.072285,42.427418]},"properties":{"Leaf type":"broadleaved"}},{"type":"Feature","geometry":{"type":"Point","coordinates":[-71.071939,42.427261]},"properties":{"Leaf type":"broadleaved"}},{"type":"Feature","geometry":{"type":"Point","coordinates":[-71.071818,42.427256]},"properties":{"Leaf type":"broadleaved"}},{"type":"Feature","geometry":{"type":"Point","coordinates":[-71.071475,42.42723]},"properties":{"Leaf type":"broadleaved"}},{"type":"Feature","geometry":{"type":"Point","coordinates":[-71.071383,42.427225]},"properties":{"Leaf type":"broadleaved"}},{"type":"Feature","geometry":{"type":"Point","coordinates":[-71.07126,42.427213]},"properties":{"Leaf type":"broadleaved"}},{"type":"Feature","geometry":{"type":"Point","coordinates":[-71.071745,42.427248]},"properties":{"Leaf type":"broadleaved"}},{"type":"Feature","geometry":{"type":"Point","coordinates":[-71.071873,42.427259]},"properties":{"Leaf type":"broadleaved"}},{"type":"Feature","geometry":{"type":"Point","coordinates":[-71.071136,42.427209]},"properties":{"Leaf type":"broadleaved"}},{"type":"Feature","geometry":{"type":"Point","coordinates":[-71.070826,42.427187]},"properties":{"Leaf type":"broadleaved"}},{"type":"Feature","geometry":{"type":"Point","coordinates":[-71.070267,42.427149]},"properties":{"Leaf type":"broadleaved"}},{"type":"Feature","geometry":{"type":"Point","coordinates":[-71.070317,42.427219]},"properties":{"Leaf type":"broadleaved"}},{"type":"Feature","geometry":{"type":"Point","coordinates":[-71.070183,42.427214]},"properties":{"Leaf type":"broadleaved"}},{"type":"Feature","geometry":{"type":"Point","coordinates":[-71.070023,42.42713]},"properties":{"Leaf type":"broadleaved"}},{"type":"Feature","geometry":{"type":"Point","coordinates":[-71.069953,42.427121]},"properties":{"Leaf type":"broadleaved"}},{"type":"Feature","geometry":{"type":"Point","coordinates":[-71.069762,42.427149]},"properties":{"Leaf type":"broadleaved"}},{"type":"Feature","geometry":{"type":"Point","coordinates":[-71.069612,42.427118]},"properties":{"Leaf type":"broadleaved"}},{"type":"Feature","geometry":{"type":"Point","coordinates":[-71.069508,42.427106]},"properties":{"Leaf type":"broadleaved"}},{"type":"Feature","geometry":{"type":"Point","coordinates":[-71.069369,42.427077]},"properties":{"Genus":"Betula","Leaf type":"broadleaved"}},{"type":"Feature","geometry":{"type":"Point","coordinates":[-71.069589,42.427065]},"properties":{"Leaf type":"broadleaved"}},{"type":"Feature","geometry":{"type":"Point","coordinates":[-71.069519,42.427053]},"properties":{"Leaf type":"broadleaved"}},{"type":"Feature","geometry":{"type":"Point","coordinates":[-71.069325,42.427036]},"properties":{"Leaf type":"broadleaved"}},{"type":"Feature","geometry":{"type":"Point","coordinates":[-71.069114,42.426991]},"properties":{"Leaf type":"broadleaved"}},{"type":"Feature","geometry":{"type":"Point","coordinates":[-71.068973,42.426959]},"properties":{"Leaf type":"broadleaved"}},{"type":"Feature","geometry":{"type":"Point","coordinates":[-71.068695,42.426887]},"properties":{"Leaf type":"broadleaved"}},{"type":"Feature","geometry":{"type":"Point","coordinates":[-71.068609,42.426861]},"properties":{"Leaf type":"broadleaved"}},{"type":"Feature","geometry":{"type":"Point","coordinates":[-71.068445,42.426813]},"properties":{"Leaf type":"broadleaved"}},{"type":"Feature","geometry":{"type":"Point","coordinates":[-71.068349,42.426787]},"properties":{"Leaf type":"broadleaved"}},{"type":"Feature","geometry":{"type":"Point","coordinates":[-71.068038,42.426686]},"properties":{"Leaf type":"broadleaved"}},{"type":"Feature","geometry":{"type":"Point","coordinates":[-71.068099,42.426707]},"properties":{"Leaf type":"broadleaved"}},{"type":"Feature","geometry":{"type":"Point","coordinates":[-71.06796,42.426649]},"properties":{"Leaf type":"broadleaved"}},{"type":"Feature","geometry":{"type":"Point","coordinates":[-71.067585,42.42654]},"properties":{"Leaf type":"broadleaved"}},{"type":"Feature","geometry":{"type":"Point","coordinates":[-71.067453,42.426523]},"properties":{"Leaf type":"broadleaved"}},{"type":"Feature","geometry":{"type":"Point","coordinates":[-71.067674,42.426399]},"properties":{"Leaf type":"broadleaved"}},{"type":"Feature","geometry":{"type":"Point","coordinates":[-71.067621,42.426368]},"properties":{"Leaf type":"broadleaved"}},{"type":"Feature","geometry":{"type":"Point","coordinates":[-71.067576,42.426368]},"properties":{"Leaf type":"broadleaved"}},{"type":"Feature","geometry":{"type":"Point","coordinates":[-71.067577,42.426332]},"properties":{"Leaf type":"broadleaved"}},{"type":"Feature","geometry":{"type":"Point","coordinates":[-71.067551,42.426225]},"properties":{"Leaf type":"broadleaved"}},{"type":"Feature","geometry":{"type":"Point","coordinates":[-71.067891,42.425774]},"properties":{"Leaf type":"broadleaved"}},{"type":"Feature","geometry":{"type":"Point","coordinates":[-71.067814,42.425736]},"properties":{"Leaf type":"broadleaved"}},{"type":"Feature","geometry":{"type":"Point","coordinates":[-71.067839,42.425717]},"properties":{"Leaf type":"broadleaved"}},{"type":"Feature","geometry":{"type":"Point","coordinates":[-71.067875,42.425806]},"properties":{"Leaf type":"broadleaved"}},{"type":"Feature","geometry":{"type":"Point","coordinates":[-71.0713,42.425432]},"properties":{"Leaf type":"broadleaved"}},{"type":"Feature","geometry":{"type":"Point","coordinates":[-71.071811,42.425586]},"properties":{"Leaf type":"broadleaved"}},{"type":"Feature","geometry":{"type":"Point","coordinates":[-71.071941,42.425586]},"properties":{"Leaf type":"broadleaved"}},{"type":"Feature","geometry":{"type":"Point","coordinates":[-71.068191,42.425885]},"properties":{"Leaf type":"broadleaved"}},{"type":"Feature","geometry":{"type":"Point","coordinates":[-71.068292,42.425902]},"properties":{"Leaf type":"broadleaved"}},{"type":"Feature","geometry":{"type":"Point","coordinates":[-71.068523,42.425963]},"properties":{"Leaf type":"broadleaved"}},{"type":"Feature","geometry":{"type":"Point","coordinates":[-71.069018,42.426122]},"properties":{"Leaf type":"broadleaved"}},{"type":"Feature","geometry":{"type":"Point","coordinates":[-71.069364,42.426175]},"properties":{"Leaf type":"broadleaved"}},{"type":"Feature","geometry":{"type":"Point","coordinates":[-71.070425,42.426594]},"properties":{"Leaf type":"broadleaved"}},{"type":"Feature","geometry":{"type":"Point","coordinates":[-71.070249,42.426654]},"properties":{"Leaf type":"broadleaved"}},{"type":"Feature","geometry":{"type":"Point","coordinates":[-71.070099,42.426553]},"properties":{"Leaf type":"broadleaved"}},{"type":"Feature","geometry":{"type":"Point","coordinates":[-71.067982,42.426531]},"properties":{"Leaf type":"broadleaved"}},{"type":"Feature","geometry":{"type":"Point","coordinates":[-71.06861,42.426753]},"properties":{"Leaf type":"broadleaved"}},{"type":"Feature","geometry":{"type":"Point","coordinates":[-71.068756,42.42679]},"properties":{"Leaf type":"broadleaved"}},{"type":"Feature","geometry":{"type":"Point","coordinates":[-71.069265,42.426902]},"properties":{"Leaf type":"broadleaved"}},{"type":"Feature","geometry":{"type":"Point","coordinates":[-71.069343,42.426916]},"properties":{"Leaf type":"broadleaved"}},{"type":"Feature","geometry":{"type":"Point","coordinates":[-71.069519,42.426949]},"properties":{"Leaf type":"broadleaved"}},{"type":"Feature","geometry":{"type":"Point","coordinates":[-71.069802,42.426995]},"properties":{"Leaf type":"broadleaved"}},{"type":"Feature","geometry":{"type":"Point","coordinates":[-71.069991,42.427015]},"properties":{"Leaf type":"broadleaved"}},{"type":"Feature","geometry":{"type":"Point","coordinates":[-71.070594,42.426635]},"properties":{"Leaf type":"broadleaved"}},{"type":"Feature","geometry":{"type":"Point","coordinates":[-71.07058,42.426909]},"properties":{"Leaf type":"broadleaved"}},{"type":"Feature","geometry":{"type":"Point","coordinates":[-71.070229,42.427031]},"properties":{"Leaf type":"broadleaved"}},{"type":"Feature","geometry":{"type":"Point","coordinates":[-71.070337,42.427045]},"properties":{"Leaf type":"broadleaved"}},{"type":"Feature","geometry":{"type":"Point","coordinates":[-71.070801,42.427076]},"properties":{"Leaf type":"broadleaved"}},{"type":"Feature","geometry":{"type":"Point","coordinates":[-71.071079,42.427101]},"properties":{"Leaf type":"broadleaved"}},{"type":"Feature","geometry":{"type":"Point","coordinates":[-71.071702,42.427124]},"properties":{"Leaf type":"broadleaved"}},{"type":"Feature","geometry":{"type":"Point","coordinates":[-71.071566,42.42712]},"properties":{"Leaf type":"broadleaved"}},{"type":"Feature","geometry":{"type":"Point","coordinates":[-71.071791,42.427056]},"properties":{"Leaf type":"broadleaved"}},{"type":"Feature","geometry":{"type":"Point","coordinates":[-71.07204,42.427139]},"properties":{"Leaf type":"broadleaved"}},{"type":"Feature","geometry":{"type":"Point","coordinates":[-71.072811,42.42718]},"properties":{"Leaf type":"broadleaved"}},{"type":"Feature","geometry":{"type":"Point","coordinates":[-71.072924,42.427187]},"properties":{"Leaf type":"broadleaved"}},{"type":"Feature","geometry":{"type":"Point","coordinates":[-71.066426,42.427209]},"properties":{}},{"type":"Feature","geometry":{"type":"Point","coordinates":[-71.066536,42.427189]},"properties":{}},{"type":"Feature","geometry":{"type":"Point","coordinates":[-71.066778,42.427305]},"properties":{}},{"type":"Feature","geometry":{"type":"Point","coordinates":[-71.066777,42.427215]},"properties":{}},{"type":"Feature","geometry":{"type":"Point","coordinates":[-71.067138,42.427892]},"properties":{}},{"type":"Feature","geometry":{"type":"Point","coordinates":[-71.067109,42.42776]},"properties":{}},{"type":"Feature","geometry":{"type":"Point","coordinates":[-71.067085,42.427555]},"properties":{}},{"type":"Feature","geometry":{"type":"Point","coordinates":[-71.067087,42.427499]},"properties":{}},{"type":"Feature","geometry":{"type":"Point","coordinates":[-71.067081,42.427429]},"properties":{}},{"type":"Feature","geometry":{"type":"Point","coordinates":[-71.06707,42.427338]},"properties":{}},{"type":"Feature","geometry":{"type":"Point","coordinates":[-71.067069,42.427269]},"properties":{}},{"type":"Feature","geometry":{"type":"Point","coordinates":[-71.067065,42.427206]},"properties":{}},{"type":"Feature","geometry":{"type":"Point","coordinates":[-71.067435,42.428651]},"properties":{}},{"type":"Feature","geometry":{"type":"Point","coordinates":[-71.067186,42.428092]},"properties":{}},{"type":"Feature","geometry":{"type":"Point","coordinates":[-71.067202,42.428202]},"properties":{}},{"type":"Feature","geometry":{"type":"Point","coordinates":[-71.067288,42.428722]},"properties":{}},{"type":"Feature","geometry":{"type":"Point","coordinates":[-71.0673,42.428894]},"properties":{}},{"type":"Feature","geometry":{"type":"Point","coordinates":[-71.067307,42.428971]},"properties":{}},{"type":"Feature","geometry":{"type":"Point","coordinates":[-71.067125,42.42895]},"properties":{}},{"type":"Feature","geometry":{"type":"Point","coordinates":[-71.067147,42.429022]},"properties":{}},{"type":"Feature","geometry":{"type":"Point","coordinates":[-71.067255,42.429546]},"properties":{}},{"type":"Feature","geometry":{"type":"Point","coordinates":[-71.067491,42.429475]},"properties":{}},{"type":"Feature","geometry":{"type":"Point","coordinates":[-71.067187,42.429477]},"properties":{}},{"type":"Feature","geometry":{"type":"Point","coordinates":[-71.067209,42.429633]},"properties":{}},{"type":"Feature","geometry":{"type":"Point","coordinates":[-71.067207,42.429388]},"properties":{}},{"type":"Feature","geometry":{"type":"Point","coordinates":[-71.067359,42.429253]},"properties":{}},{"type":"Feature","geometry":{"type":"Point","coordinates":[-71.067188,42.429268]},"properties":{}},{"type":"Feature","geometry":{"type":"Point","coordinates":[-71.067333,42.429083]},"properties":{}},{"type":"Feature","geometry":{"type":"Point","coordinates":[-71.067129,42.429914]},"properties":{}},{"type":"Feature","geometry":{"type":"Point","coordinates":[-71.067485,42.429819]},"properties":{}},{"type":"Feature","geometry":{"type":"Point","coordinates":[-71.067908,42.430051]},"properties":{}},{"type":"Feature","geometry":{"type":"Point","coordinates":[-71.065914,42.430338]},"properties":{}},{"type":"Feature","geometry":{"type":"Point","coordinates":[-71.066008,42.430328]},"properties":{}},{"type":"Feature","geometry":{"type":"Point","coordinates":[-71.066168,42.430307]},"properties":{}},{"type":"Feature","geometry":{"type":"Point","coordinates":[-71.066515,42.430263]},"properties":{}},{"type":"Feature","geometry":{"type":"Point","coordinates":[-71.066317,42.430287]},"properties":{}},{"type":"Feature","geometry":{"type":"Point","coordinates":[-71.066589,42.430254]},"properties":{}},{"type":"Feature","geometry":{"type":"Point","coordinates":[-71.06674,42.430236]},"properties":{}},{"type":"Feature","geometry":{"type":"Point","coordinates":[-71.066855,42.430223]},"properties":{}},{"type":"Feature","geometry":{"type":"Point","coordinates":[-71.067064,42.430193]},"properties":{}},{"type":"Feature","geometry":{"type":"Point","coordinates":[-71.067214,42.430176]},"properties":{}},{"type":"Feature","geometry":{"type":"Point","coordinates":[-71.067313,42.430164]},"properties":{}},{"type":"Feature","geometry":{"type":"Point","coordinates":[-71.067307,42.429867]},"properties":{}},{"type":"Feature","geometry":{"type":"Point","coordinates":[-71.067522,42.430061]},"properties":{}},{"type":"Feature","geometry":{"type":"Point","coordinates":[-71.067585,42.430368]},"properties":{}},{"type":"Feature","geometry":{"type":"Point","coordinates":[-71.067389,42.43027]},"properties":{}},{"type":"Feature","geometry":{"type":"Point","coordinates":[-71.067411,42.43037]},"properties":{}},{"type":"Feature","geometry":{"type":"Point","coordinates":[-71.067437,42.430472]},"properties":{}},{"type":"Feature","geometry":{"type":"Point","coordinates":[-71.067473,42.43065]},"properties":{}},{"type":"Feature","geometry":{"type":"Point","coordinates":[-71.064459,42.431279]},"properties":{}},{"type":"Feature","geometry":{"type":"Point","coordinates":[-71.064402,42.431148]},"properties":{}},{"type":"Feature","geometry":{"type":"Point","coordinates":[-71.064831,42.431197]},"properties":{}},{"type":"Feature","geometry":{"type":"Point","coordinates":[-71.065055,42.431074]},"properties":{}},{"type":"Feature","geometry":{"type":"Point","coordinates":[-71.065241,42.431046]},"properties":{}},{"type":"Feature","geometry":{"type":"Point","coordinates":[-71.065495,42.431016]},"properties":{}},{"type":"Feature","geometry":{"type":"Point","coordinates":[-71.065707,42.430997]},"properties":{}},{"type":"Feature","geometry":{"type":"Point","coordinates":[-71.066063,42.430951]},"properties":{}},{"type":"Feature","geometry":{"type":"Point","coordinates":[-71.066628,42.431041]},"properties":{}},{"type":"Feature","geometry":{"type":"Point","coordinates":[-71.06639,42.431016]},"properties":{}},{"type":"Feature","geometry":{"type":"Point","coordinates":[-71.066453,42.430901]},"properties":{}},{"type":"Feature","geometry":{"type":"Point","coordinates":[-71.066607,42.430883]},"properties":{}},{"type":"Feature","geometry":{"type":"Point","coordinates":[-71.066869,42.430854]},"properties":{}},{"type":"Feature","geometry":{"type":"Point","coordinates":[-71.067053,42.430834]},"properties":{}},{"type":"Feature","geometry":{"type":"Point","coordinates":[-71.067284,42.430805]},"properties":{}},{"type":"Feature","geometry":{"type":"Point","coordinates":[-71.067168,42.430914]},"properties":{}},{"type":"Feature","geometry":{"type":"Point","coordinates":[-71.067937,42.430813]},"properties":{}},{"type":"Feature","geometry":{"type":"Point","coordinates":[-71.068018,42.430275]},"properties":{}},{"type":"Feature","geometry":{"type":"Point","coordinates":[-71.068105,42.430272]},"properties":{}},{"type":"Feature","geometry":{"type":"Point","coordinates":[-71.068209,42.430258]},"properties":{}},{"type":"Feature","geometry":{"type":"Point","coordinates":[-71.068131,42.430473]},"properties":{}},{"type":"Feature","geometry":{"type":"Point","coordinates":[-71.068709,42.430762]},"properties":{}},{"type":"Feature","geometry":{"type":"Point","coordinates":[-71.068522,42.430795]},"properties":{}},{"type":"Feature","geometry":{"type":"Point","coordinates":[-71.068548,42.430756]},"properties":{}},{"type":"Feature","geometry":{"type":"Point","coordinates":[-71.068624,42.43075]},"properties":{}},{"type":"Feature","geometry":{"type":"Point","coordinates":[-71.068716,42.430712]},"properties":{}},{"type":"Feature","geometry":{"type":"Point","coordinates":[-71.068499,42.430715]},"properties":{}},{"type":"Feature","geometry":{"type":"Point","coordinates":[-71.068675,42.430684]},"properties":{}},{"type":"Feature","geometry":{"type":"Point","coordinates":[-71.068862,42.430555]},"properties":{}},{"type":"Feature","geometry":{"type":"Point","coordinates":[-71.06887,42.430183]},"properties":{}},{"type":"Feature","geometry":{"type":"Point","coordinates":[-71.068923,42.430217]},"properties":{}},{"type":"Feature","geometry":{"type":"Point","coordinates":[-71.06899,42.430304]},"properties":{}},{"type":"Feature","geometry":{"type":"Point","coordinates":[-71.069119,42.430435]},"properties":{}},{"type":"Feature","geometry":{"type":"Point","coordinates":[-71.069217,42.430771]},"properties":{}},{"type":"Feature","geometry":{"type":"Point","coordinates":[-71.069222,42.430722]},"properties":{}},{"type":"Feature","geometry":{"type":"Point","coordinates":[-71.068983,42.430633]},"properties":{}},{"type":"Feature","geometry":{"type":"Point","coordinates":[-71.069252,42.430585]},"properties":{}},{"type":"Feature","geometry":{"type":"Point","coordinates":[-71.069689,42.430514]},"properties":{}},{"type":"Feature","geometry":{"type":"Point","coordinates":[-71.069381,42.430565]},"properties":{}},{"type":"Feature","geometry":{"type":"Point","coordinates":[-71.050374,42.421917]},"properties":{"Leaf type":"broadleaved"}},{"type":"Feature","geometry":{"type":"Point","coordinates":[-71.050434,42.421827]},"properties":{"Leaf type":"broadleaved"}},{"type":"Feature","geometry":{"type":"Point","coordinates":[-71.050558,42.421739]},"properties":{"Leaf type":"broadleaved"}},{"type":"Feature","geometry":{"type":"Point","coordinates":[-71.050504,42.421728]},"properties":{"Leaf type":"broadleaved"}},{"type":"Feature","geometry":{"type":"Point","coordinates":[-71.050548,42.421672]},"properties":{"Leaf type":"broadleaved"}},{"type":"Feature","geometry":{"type":"Point","coordinates":[-71.04933,42.4217]},"properties":{}},{"type":"Feature","geometry":{"type":"Point","coordinates":[-71.049403,42.421692]},"properties":{}},{"type":"Feature","geometry":{"type":"Point","coordinates":[-71.04945,42.421655]},"properties":{}},{"type":"Feature","geometry":{"type":"Point","coordinates":[-71.049519,42.421609]},"properties":{}},{"type":"Feature","geometry":{"type":"Point","coordinates":[-71.049582,42.421552]},"properties":{}},{"type":"Feature","geometry":{"type":"Point","coordinates":[-71.049721,42.42149]},"properties":{}},{"type":"Feature","geometry":{"type":"Point","coordinates":[-71.049823,42.421425]},"properties":{}},{"type":"Feature","geometry":{"type":"Point","coordinates":[-71.049926,42.421342]},"properties":{}},{"type":"Feature","geometry":{"type":"Point","coordinates":[-71.05004,42.421264]},"properties":{}},{"type":"Feature","geometry":{"type":"Point","coordinates":[-71.050132,42.421183]},"properties":{}},{"type":"Feature","geometry":{"type":"Point","coordinates":[-71.050231,42.421107]},"properties":{}},{"type":"Feature","geometry":{"type":"Point","coordinates":[-71.05022,42.421978]},"properties":{}},{"type":"Feature","geometry":{"type":"Point","coordinates":[-71.04552,42.430905]},"properties":{"Leaf type":"needleleaved"}},{"type":"Feature","geometry":{"type":"Point","coordinates":[-71.054977,42.419688]},"properties":{}},{"type":"Feature","geometry":{"type":"Point","coordinates":[-71.054662,42.419689]},"properties":{}},{"type":"Feature","geometry":{"type":"Point","coordinates":[-71.054847,42.419462]},"properties":{}},{"type":"Feature","geometry":{"type":"Point","coordinates":[-71.055188,42.419455]},"properties":{}},{"type":"Feature","geometry":{"type":"Point","coordinates":[-71.055228,42.419262]},"properties":{}},{"type":"Feature","geometry":{"type":"Point","coordinates":[-71.054919,42.419091]},"properties":{}},{"type":"Feature","geometry":{"type":"Point","coordinates":[-71.054856,42.419199]},"properties":{}},{"type":"Feature","geometry":{"type":"Point","coordinates":[-71.054741,42.419234]},"properties":{}},{"type":"Feature","geometry":{"type":"Point","coordinates":[-71.054927,42.418796]},"properties":{}},{"type":"Feature","geometry":{"type":"Point","coordinates":[-71.055009,42.418815]},"properties":{}},{"type":"Feature","geometry":{"type":"Point","coordinates":[-71.055113,42.418885]},"properties":{}},{"type":"Feature","geometry":{"type":"Point","coordinates":[-71.054627,42.418609]},"properties":{}},{"type":"Feature","geometry":{"type":"Point","coordinates":[-71.054328,42.418811]},"properties":{}},{"type":"Feature","geometry":{"type":"Point","coordinates":[-71.054486,42.418668]},"properties":{}},{"type":"Feature","geometry":{"type":"Point","coordinates":[-71.054258,42.418494]},"properties":{}},{"type":"Feature","geometry":{"type":"Point","coordinates":[-71.05414,42.418585]},"properties":{}},{"type":"Feature","geometry":{"type":"Point","coordinates":[-71.052719,42.417473]},"properties":{}},{"type":"Feature","geometry":{"type":"Point","coordinates":[-71.053033,42.417627]},"properties":{}},{"type":"Feature","geometry":{"type":"Point","coordinates":[-71.053623,42.41785]},"properties":{}},{"type":"Feature","geometry":{"type":"Point","coordinates":[-71.053313,42.417876]},"properties":{}},{"type":"Feature","geometry":{"type":"Point","coordinates":[-71.053132,42.418094]},"properties":{}},{"type":"Feature","geometry":{"type":"Point","coordinates":[-71.053181,42.418144]},"properties":{}},{"type":"Feature","geometry":{"type":"Point","coordinates":[-71.053323,42.418249]},"properties":{}},{"type":"Feature","geometry":{"type":"Point","coordinates":[-71.053765,42.418369]},"properties":{}},{"type":"Feature","geometry":{"type":"Point","coordinates":[-71.053988,42.418177]},"properties":{}},{"type":"Feature","geometry":{"type":"Point","coordinates":[-71.054044,42.418128]},"properties":{}},{"type":"Feature","geometry":{"type":"Point","coordinates":[-71.053527,42.417456]},"properties":{}},{"type":"Feature","geometry":{"type":"Point","coordinates":[-71.05346,42.417281]},"properties":{}},{"type":"Feature","geometry":{"type":"Point","coordinates":[-71.053616,42.417413]},"properties":{}},{"type":"Feature","geometry":{"type":"Point","coordinates":[-71.05349,42.417425]},"properties":{}},{"type":"Feature","geometry":{"type":"Point","coordinates":[-71.053327,42.417289]},"properties":{}},{"type":"Feature","geometry":{"type":"Point","coordinates":[-71.053258,42.417237]},"properties":{}},{"type":"Feature","geometry":{"type":"Point","coordinates":[-71.053305,42.417159]},"properties":{}},{"type":"Feature","geometry":{"type":"Point","coordinates":[-71.053206,42.41707]},"properties":{}},{"type":"Feature","geometry":{"type":"Point","coordinates":[-71.052358,42.41645]},"properties":{}},{"type":"Feature","geometry":{"type":"Point","coordinates":[-71.051817,42.416896]},"properties":{}},{"type":"Feature","geometry":{"type":"Point","coordinates":[-71.051752,42.416927]},"properties":{}},{"type":"Feature","geometry":{"type":"Point","coordinates":[-71.051801,42.41682]},"properties":{}},{"type":"Feature","geometry":{"type":"Point","coordinates":[-71.051893,42.416712]},"properties":{}},{"type":"Feature","geometry":{"type":"Point","coordinates":[-71.051968,42.416663]},"properties":{}},{"type":"Feature","geometry":{"type":"Point","coordinates":[-71.052292,42.416861]},"properties":{}},{"type":"Feature","geometry":{"type":"Point","coordinates":[-71.0509,42.417472]},"properties":{}},{"type":"Feature","geometry":{"type":"Point","coordinates":[-71.050802,42.417819]},"properties":{}},{"type":"Feature","geometry":{"type":"Point","coordinates":[-71.050675,42.417811]},"properties":{}},{"type":"Feature","geometry":{"type":"Point","coordinates":[-71.051842,42.417508]},"properties":{}},{"type":"Feature","geometry":{"type":"Point","coordinates":[-71.051729,42.417558]},"properties":{}},{"type":"Feature","geometry":{"type":"Point","coordinates":[-71.051798,42.41765]},"properties":{}},{"type":"Feature","geometry":{"type":"Point","coordinates":[-71.051849,42.417688]},"properties":{}},{"type":"Feature","geometry":{"type":"Point","coordinates":[-71.052182,42.417477]},"properties":{}},{"type":"Feature","geometry":{"type":"Point","coordinates":[-71.052034,42.41735]},"properties":{}},{"type":"Feature","geometry":{"type":"Point","coordinates":[-71.052121,42.417254]},"properties":{}},{"type":"Feature","geometry":{"type":"Point","coordinates":[-71.052257,42.417163]},"properties":{}},{"type":"Feature","geometry":{"type":"Point","coordinates":[-71.052356,42.417357]},"properties":{}},{"type":"Feature","geometry":{"type":"Point","coordinates":[-71.052295,42.417101]},"properties":{}},{"type":"Feature","geometry":{"type":"Point","coordinates":[-71.052564,42.417209]},"properties":{}},{"type":"Feature","geometry":{"type":"Point","coordinates":[-71.052699,42.416162]},"properties":{}},{"type":"Feature","geometry":{"type":"Point","coordinates":[-71.053153,42.416518]},"properties":{}},{"type":"Feature","geometry":{"type":"Point","coordinates":[-71.052991,42.416224]},"properties":{}},{"type":"Feature","geometry":{"type":"Point","coordinates":[-71.052906,42.416396]},"properties":{}},{"type":"Feature","geometry":{"type":"Point","coordinates":[-71.052902,42.416839]},"properties":{}},{"type":"Feature","geometry":{"type":"Point","coordinates":[-71.053013,42.416806]},"properties":{}},{"type":"Feature","geometry":{"type":"Point","coordinates":[-71.051956,42.41711]},"properties":{}},{"type":"Feature","geometry":{"type":"Point","coordinates":[-71.052075,42.417023]},"properties":{}},{"type":"Feature","geometry":{"type":"Point","coordinates":[-71.052181,42.416854]},"properties":{}},{"type":"Feature","geometry":{"type":"Point","coordinates":[-71.052774,42.416639]},"properties":{}},{"type":"Feature","geometry":{"type":"Point","coordinates":[-71.052698,42.416438]},"properties":{}},{"type":"Feature","geometry":{"type":"Point","coordinates":[-71.051711,42.417312]},"properties":{}},{"type":"Feature","geometry":{"type":"Point","coordinates":[-71.051536,42.417494]},"properties":{}},{"type":"Feature","geometry":{"type":"Point","coordinates":[-71.051365,42.417541]},"properties":{}},{"type":"Feature","geometry":{"type":"Point","coordinates":[-71.051283,42.417635]},"properties":{}},{"type":"Feature","geometry":{"type":"Point","coordinates":[-71.051463,42.417577]},"properties":{}},{"type":"Feature","geometry":{"type":"Point","coordinates":[-71.051504,42.41772]},"properties":{}},{"type":"Feature","geometry":{"type":"Point","coordinates":[-71.052997,42.419079]},"properties":{}},{"type":"Feature","geometry":{"type":"Point","coordinates":[-71.053386,42.419179]},"properties":{}},{"type":"Feature","geometry":{"type":"Point","coordinates":[-71.054025,42.41872]},"properties":{}},{"type":"Feature","geometry":{"type":"Point","coordinates":[-71.051935,42.417851]},"properties":{}},{"type":"Feature","geometry":{"type":"Point","coordinates":[-71.052974,42.417906]},"properties":{}},{"type":"Feature","geometry":{"type":"Point","coordinates":[-71.052908,42.417864]},"properties":{}},{"type":"Feature","geometry":{"type":"Point","coordinates":[-71.052594,42.417762]},"properties":{}},{"type":"Feature","geometry":{"type":"Point","coordinates":[-71.052673,42.417788]},"properties":{}},{"type":"Feature","geometry":{"type":"Point","coordinates":[-71.052785,42.41772]},"properties":{}},{"type":"Feature","geometry":{"type":"Point","coordinates":[-71.052595,42.417652]},"properties":{}},{"type":"Feature","geometry":{"type":"Point","coordinates":[-71.052574,42.41761]},"properties":{}},{"type":"Feature","geometry":{"type":"Point","coordinates":[-71.052925,42.417579]},"properties":{}},{"type":"Feature","geometry":{"type":"Point","coordinates":[-71.053149,42.417547]},"properties":{}},{"type":"Feature","geometry":{"type":"Point","coordinates":[-71.053097,42.417914]},"properties":{}},{"type":"Feature","geometry":{"type":"Point","coordinates":[-71.05327,42.417796]},"properties":{}},{"type":"Feature","geometry":{"type":"Point","coordinates":[-71.053376,42.417709]},"properties":{}},{"type":"Feature","geometry":{"type":"Point","coordinates":[-71.053458,42.417769]},"properties":{}},{"type":"Feature","geometry":{"type":"Point","coordinates":[-71.053669,42.417891]},"properties":{}},{"type":"Feature","geometry":{"type":"Point","coordinates":[-71.05383,42.418351]},"properties":{}},{"type":"Feature","geometry":{"type":"Point","coordinates":[-71.053432,42.418228]},"properties":{}},{"type":"Feature","geometry":{"type":"Point","coordinates":[-71.05334,42.418449]},"properties":{}},{"type":"Feature","geometry":{"type":"Point","coordinates":[-71.053079,42.418381]},"properties":{}},{"type":"Feature","geometry":{"type":"Point","coordinates":[-71.053099,42.418264]},"properties":{}},{"type":"Feature","geometry":{"type":"Point","coordinates":[-71.052357,42.417884]},"properties":{}},{"type":"Feature","geometry":{"type":"Point","coordinates":[-71.051966,42.417806]},"properties":{}},{"type":"Feature","geometry":{"type":"Point","coordinates":[-71.052023,42.417877]},"properties":{}},{"type":"Feature","geometry":{"type":"Point","coordinates":[-71.051553,42.417825]},"properties":{}},{"type":"Feature","geometry":{"type":"Point","coordinates":[-71.051456,42.417881]},"properties":{}},{"type":"Feature","geometry":{"type":"Point","coordinates":[-71.051393,42.418022]},"properties":{}},{"type":"Feature","geometry":{"type":"Point","coordinates":[-71.051322,42.418032]},"properties":{}},{"type":"Feature","geometry":{"type":"Point","coordinates":[-71.053893,42.418669]},"properties":{}},{"type":"Feature","geometry":{"type":"Point","coordinates":[-71.053793,42.418707]},"properties":{}},{"type":"Feature","geometry":{"type":"Point","coordinates":[-71.053863,42.418809]},"properties":{}},{"type":"Feature","geometry":{"type":"Point","coordinates":[-71.053626,42.418875]},"properties":{}},{"type":"Feature","geometry":{"type":"Point","coordinates":[-71.053763,42.418884]},"properties":{}},{"type":"Feature","geometry":{"type":"Point","coordinates":[-71.053535,42.419066]},"properties":{}},{"type":"Feature","geometry":{"type":"Point","coordinates":[-71.05366,42.418969]},"properties":{}},{"type":"Feature","geometry":{"type":"Point","coordinates":[-71.053543,42.418947]},"properties":{}},{"type":"Feature","geometry":{"type":"Point","coordinates":[-71.053451,42.419014]},"properties":{}},{"type":"Feature","geometry":{"type":"Point","coordinates":[-71.053285,42.419148]},"properties":{}},{"type":"Feature","geometry":{"type":"Point","coordinates":[-71.052988,42.419089]},"properties":{}},{"type":"Feature","geometry":{"type":"Point","coordinates":[-71.053142,42.418956]},"properties":{}},{"type":"Feature","geometry":{"type":"Point","coordinates":[-71.053094,42.418708]},"properties":{}},{"type":"Feature","geometry":{"type":"Point","coordinates":[-71.053,42.418726]},"properties":{}},{"type":"Feature","geometry":{"type":"Point","coordinates":[-71.053135,42.418778]},"properties":{}},{"type":"Feature","geometry":{"type":"Point","coordinates":[-71.053282,42.418796]},"properties":{}},{"type":"Feature","geometry":{"type":"Point","coordinates":[-71.053202,42.418832]},"properties":{}},{"type":"Feature","geometry":{"type":"Point","coordinates":[-71.052837,42.418826]},"properties":{}},{"type":"Feature","geometry":{"type":"Point","coordinates":[-71.052853,42.418667]},"properties":{}},{"type":"Feature","geometry":{"type":"Point","coordinates":[-71.052814,42.418645]},"properties":{}},{"type":"Feature","geometry":{"type":"Point","coordinates":[-71.052748,42.418623]},"properties":{}},{"type":"Feature","geometry":{"type":"Point","coordinates":[-71.051907,42.418234]},"properties":{}},{"type":"Feature","geometry":{"type":"Point","coordinates":[-71.051834,42.418223]},"properties":{}},{"type":"Feature","geometry":{"type":"Point","coordinates":[-71.051916,42.4181]},"properties":{}},{"type":"Feature","geometry":{"type":"Point","coordinates":[-71.052425,42.418516]},"properties":{}},{"type":"Feature","geometry":{"type":"Point","coordinates":[-71.052359,42.418462]},"properties":{}},{"type":"Feature","geometry":{"type":"Point","coordinates":[-71.05228,42.418439]},"properties":{}},{"type":"Feature","geometry":{"type":"Point","coordinates":[-71.05252,42.418433]},"properties":{}},{"type":"Feature","geometry":{"type":"Point","coordinates":[-71.052308,42.418395]},"properties":{}},{"type":"Feature","geometry":{"type":"Point","coordinates":[-71.052367,42.418135]},"properties":{}},{"type":"Feature","geometry":{"type":"Point","coordinates":[-71.052432,42.418167]},"properties":{}},{"type":"Feature","geometry":{"type":"Point","coordinates":[-71.05277,42.418322]},"properties":{}},{"type":"Feature","geometry":{"type":"Point","coordinates":[-71.054073,42.418112]},"properties":{}},{"type":"Feature","geometry":{"type":"Point","coordinates":[-71.054241,42.417888]},"properties":{}},{"type":"Feature","geometry":{"type":"Point","coordinates":[-71.054329,42.417943]},"properties":{}},{"type":"Feature","geometry":{"type":"Point","coordinates":[-71.054423,42.417997]},"properties":{}},{"type":"Feature","geometry":{"type":"Point","coordinates":[-71.054345,42.418051]},"properties":{}},{"type":"Feature","geometry":{"type":"Point","coordinates":[-71.054677,42.418042]},"properties":{}},{"type":"Feature","geometry":{"type":"Point","coordinates":[-71.054763,42.41809]},"properties":{}},{"type":"Feature","geometry":{"type":"Point","coordinates":[-71.054535,42.418068]},"properties":{}},{"type":"Feature","geometry":{"type":"Point","coordinates":[-71.054692,42.418266]},"properties":{}},{"type":"Feature","geometry":{"type":"Point","coordinates":[-71.054751,42.41819]},"properties":{}},{"type":"Feature","geometry":{"type":"Point","coordinates":[-71.054429,42.418242]},"properties":{}},{"type":"Feature","geometry":{"type":"Point","coordinates":[-71.054469,42.418321]},"properties":{}},{"type":"Feature","geometry":{"type":"Point","coordinates":[-71.049335,42.41349]},"properties":{}},{"type":"Feature","geometry":{"type":"Point","coordinates":[-71.049411,42.413435]},"properties":{}},{"type":"Feature","geometry":{"type":"Point","coordinates":[-71.056412,42.430363]},"properties":{"Leaf type":"broadleaved"}},{"type":"Feature","geometry":{"type":"Point","coordinates":[-71.055722,42.428812]},"properties":{"Leaf type":"broadleaved"}},{"type":"Feature","geometry":{"type":"Point","coordinates":[-71.056442,42.42753]},"properties":{"Leaf type":"broadleaved"}},{"type":"Feature","geometry":{"type":"Point","coordinates":[-71.056796,42.427419]},"properties":{"Leaf type":"broadleaved"}},{"type":"Feature","geometry":{"type":"Point","coordinates":[-71.058623,42.426685]},"properties":{"Leaf type":"broadleaved"}},{"type":"Feature","geometry":{"type":"Point","coordinates":[-71.058178,42.427003]},"properties":{"Leaf type":"broadleaved"}},{"type":"Feature","geometry":{"type":"Point","coordinates":[-71.058744,42.426564]},"properties":{"Leaf type":"broadleaved"}},{"type":"Feature","geometry":{"type":"Point","coordinates":[-71.05918,42.426673]},"properties":{"Leaf type":"broadleaved"}},{"type":"Feature","geometry":{"type":"Point","coordinates":[-71.058577,42.426791]},"properties":{"Leaf type":"broadleaved"}},{"type":"Feature","geometry":{"type":"Point","coordinates":[-71.058377,42.425924]},"properties":{"Leaf type":"broadleaved"}},{"type":"Feature","geometry":{"type":"Point","coordinates":[-71.058118,42.425561]},"properties":{"Leaf type":"broadleaved"}},{"type":"Feature","geometry":{"type":"Point","coordinates":[-71.058937,42.42656]},"properties":{"Leaf type":"broadleaved"}},{"type":"Feature","geometry":{"type":"Point","coordinates":[-71.057927,42.427143]},"properties":{"Leaf type":"broadleaved"}},{"type":"Feature","geometry":{"type":"Point","coordinates":[-71.058335,42.426916]},"properties":{"Leaf type":"broadleaved"}},{"type":"Feature","geometry":{"type":"Point","coordinates":[-71.057527,42.427318]},"properties":{"Leaf type":"broadleaved"}},{"type":"Feature","geometry":{"type":"Point","coordinates":[-71.058757,42.426221]},"properties":{"Leaf type":"broadleaved"}},{"type":"Feature","geometry":{"type":"Point","coordinates":[-71.058941,42.426482]},"properties":{"Leaf type":"broadleaved"}},{"type":"Feature","geometry":{"type":"Point","coordinates":[-71.058836,42.426184]},"properties":{"Leaf type":"broadleaved"}},{"type":"Feature","geometry":{"type":"Point","coordinates":[-71.058713,42.426064]},"properties":{"Leaf type":"broadleaved"}},{"type":"Feature","geometry":{"type":"Point","coordinates":[-71.058876,42.426315]},"properties":{"Leaf type":"broadleaved"}},{"type":"Feature","geometry":{"type":"Point","coordinates":[-71.058942,42.426286]},"properties":{"Leaf type":"broadleaved"}},{"type":"Feature","geometry":{"type":"Point","coordinates":[-71.058061,42.425639]},"properties":{"Leaf type":"broadleaved"}},{"type":"Feature","geometry":{"type":"Point","coordinates":[-71.058488,42.426744]},"properties":{"Leaf type":"broadleaved"}},{"type":"Feature","geometry":{"type":"Point","coordinates":[-71.058495,42.426737]},"properties":{"Leaf type":"broadleaved"}},{"type":"Feature","geometry":{"type":"Point","coordinates":[-71.058188,42.42692]},"properties":{"Leaf type":"broadleaved"}},{"type":"Feature","geometry":{"type":"Point","coordinates":[-71.057098,42.42698]},"properties":{"Leaf type":"broadleaved"}},{"type":"Feature","geometry":{"type":"Point","coordinates":[-71.057453,42.426934]},"properties":{"Leaf type":"needleleaved"}},{"type":"Feature","geometry":{"type":"Point","coordinates":[-71.055812,42.428569]},"properties":{"Leaf type":"broadleaved"}},{"type":"Feature","geometry":{"type":"Point","coordinates":[-71.055943,42.428506]},"properties":{"Leaf type":"broadleaved"}},{"type":"Feature","geometry":{"type":"Point","coordinates":[-71.056906,42.427235]},"properties":{"Leaf type":"broadleaved"}},{"type":"Feature","geometry":{"type":"Point","coordinates":[-71.057185,42.427036]},"properties":{"Leaf type":"broadleaved"}},{"type":"Feature","geometry":{"type":"Point","coordinates":[-71.055338,42.427423]},"properties":{"Leaf type":"broadleaved"}},{"type":"Feature","geometry":{"type":"Point","coordinates":[-71.057267,42.42738]},"properties":{"Leaf type":"broadleaved"}},{"type":"Feature","geometry":{"type":"Point","coordinates":[-71.056108,42.427893]},"properties":{"Leaf type":"broadleaved"}},{"type":"Feature","geometry":{"type":"Point","coordinates":[-71.05616,42.428]},"properties":{"Leaf type":"broadleaved"}},{"type":"Feature","geometry":{"type":"Point","coordinates":[-71.055545,42.427375]},"properties":{"Leaf type":"broadleaved"}},{"type":"Feature","geometry":{"type":"Point","coordinates":[-71.055138,42.42771]},"properties":{"Leaf type":"broadleaved"}},{"type":"Feature","geometry":{"type":"Point","coordinates":[-71.055971,42.427604]},"properties":{"Leaf type":"broadleaved"}},{"type":"Feature","geometry":{"type":"Point","coordinates":[-71.057579,42.426148]},"properties":{"Leaf type":"broadleaved"}},{"type":"Feature","geometry":{"type":"Point","coordinates":[-71.057334,42.425925]},"properties":{"Leaf type":"broadleaved"}},{"type":"Feature","geometry":{"type":"Point","coordinates":[-71.057559,42.426938]},"properties":{"Leaf type":"broadleaved"}},{"type":"Feature","geometry":{"type":"Point","coordinates":[-71.058208,42.426639]},"properties":{"Leaf type":"broadleaved"}},{"type":"Feature","geometry":{"type":"Point","coordinates":[-71.055963,42.423696]},"properties":{"Leaf type":"broadleaved"}},{"type":"Feature","geometry":{"type":"Point","coordinates":[-71.058202,42.426631]},"properties":{"Leaf type":"broadleaved"}},{"type":"Feature","geometry":{"type":"Point","coordinates":[-71.05824,42.426662]},"properties":{"Leaf type":"broadleaved"}},{"type":"Feature","geometry":{"type":"Point","coordinates":[-71.058207,42.426639]},"properties":{"Leaf type":"broadleaved"}},{"type":"Feature","geometry":{"type":"Point","coordinates":[-71.05821,42.426647]},"properties":{"Leaf type":"broadleaved"}},{"type":"Feature","geometry":{"type":"Point","coordinates":[-71.055885,42.42376]},"properties":{"Leaf type":"broadleaved"}},{"type":"Feature","geometry":{"type":"Point","coordinates":[-71.054984,42.422779]},"properties":{"Leaf type":"broadleaved"}},{"type":"Feature","geometry":{"type":"Point","coordinates":[-71.056013,42.42372]},"properties":{"Leaf type":"broadleaved"}},{"type":"Feature","geometry":{"type":"Point","coordinates":[-71.055863,42.423423]},"properties":{"Leaf type":"broadleaved"}},{"type":"Feature","geometry":{"type":"Point","coordinates":[-71.05691,42.424807]},"properties":{"Leaf type":"broadleaved"}},{"type":"Feature","geometry":{"type":"Point","coordinates":[-71.054529,42.42245]},"properties":{"Leaf type":"broadleaved"}},{"type":"Feature","geometry":{"type":"Point","coordinates":[-71.055979,42.423786]},"properties":{"Leaf type":"broadleaved"}},{"type":"Feature","geometry":{"type":"Point","coordinates":[-71.054021,42.422225]},"properties":{"Leaf type":"broadleaved"}},{"type":"Feature","geometry":{"type":"Point","coordinates":[-71.053998,42.421983]},"properties":{"Leaf type":"broadleaved"}},{"type":"Feature","geometry":{"type":"Point","coordinates":[-71.055412,42.423083]},"properties":{"Leaf type":"broadleaved"}},{"type":"Feature","geometry":{"type":"Point","coordinates":[-71.053359,42.421607]},"properties":{"Leaf type":"broadleaved"}},{"type":"Feature","geometry":{"type":"Point","coordinates":[-71.053027,42.42137]},"properties":{"Leaf type":"broadleaved"}},{"type":"Feature","geometry":{"type":"Point","coordinates":[-71.053883,42.421988]},"properties":{"Leaf type":"broadleaved"}},{"type":"Feature","geometry":{"type":"Point","coordinates":[-71.054552,42.422389]},"properties":{"Leaf type":"broadleaved"}},{"type":"Feature","geometry":{"type":"Point","coordinates":[-71.053946,42.422051]},"properties":{"Leaf type":"broadleaved"}},{"type":"Feature","geometry":{"type":"Point","coordinates":[-71.053929,42.421926]},"properties":{"Leaf type":"broadleaved"}},{"type":"Feature","geometry":{"type":"Point","coordinates":[-71.053617,42.421801]},"properties":{"Leaf type":"broadleaved"}},{"type":"Feature","geometry":{"type":"Point","coordinates":[-71.053184,42.421488]},"properties":{"Leaf type":"broadleaved"}},{"type":"Feature","geometry":{"type":"Point","coordinates":[-71.053641,42.421729]},"properties":{"Leaf type":"broadleaved"}},{"type":"Feature","geometry":{"type":"Point","coordinates":[-71.053334,42.42152]},"properties":{"Leaf type":"broadleaved"}},{"type":"Feature","geometry":{"type":"Point","coordinates":[-71.053237,42.421434]},"properties":{"Leaf type":"broadleaved"}},{"type":"Feature","geometry":{"type":"Point","coordinates":[-71.053429,42.421585]},"properties":{"Leaf type":"broadleaved"}},{"type":"Feature","geometry":{"type":"Point","coordinates":[-71.053131,42.42134]},"properties":{"Leaf type":"broadleaved"}},{"type":"Feature","geometry":{"type":"Point","coordinates":[-71.054434,42.422308]},"properties":{"Leaf type":"broadleaved"}},{"type":"Feature","geometry":{"type":"Point","coordinates":[-71.053766,42.421821]},"properties":{"Leaf type":"broadleaved"}},{"type":"Feature","geometry":{"type":"Point","coordinates":[-71.05514,42.422736]},"properties":{"Leaf type":"broadleaved"}},{"type":"Feature","geometry":{"type":"Point","coordinates":[-71.057526,42.429136]},"properties":{"Leaf type":"broadleaved"}},{"type":"Feature","geometry":{"type":"Point","coordinates":[-71.058417,42.427583]},"properties":{"Leaf type":"broadleaved"}},{"type":"Feature","geometry":{"type":"Point","coordinates":[-71.057012,42.428213]},"properties":{"Leaf type":"broadleaved"}},{"type":"Feature","geometry":{"type":"Point","coordinates":[-71.057559,42.427977]},"properties":{"Leaf type":"broadleaved"}},{"type":"Feature","geometry":{"type":"Point","coordinates":[-71.059369,42.4272]},"properties":{"Leaf type":"broadleaved"}},{"type":"Feature","geometry":{"type":"Point","coordinates":[-71.057359,42.428068]},"properties":{"Leaf type":"broadleaved"}},{"type":"Feature","geometry":{"type":"Point","coordinates":[-71.057366,42.427896]},"properties":{"Leaf type":"broadleaved"}},{"type":"Feature","geometry":{"type":"Point","coordinates":[-71.057466,42.428023]},"properties":{"Leaf type":"broadleaved"}},{"type":"Feature","geometry":{"type":"Point","coordinates":[-71.056831,42.428164]},"properties":{"Leaf type":"broadleaved"}},{"type":"Feature","geometry":{"type":"Point","coordinates":[-71.059185,42.427267]},"properties":{"Leaf type":"broadleaved"}},{"type":"Feature","geometry":{"type":"Point","coordinates":[-71.059127,42.427295]},"properties":{"Leaf type":"broadleaved"}},{"type":"Feature","geometry":{"type":"Point","coordinates":[-71.059312,42.427229]},"properties":{"Leaf type":"broadleaved"}},{"type":"Feature","geometry":{"type":"Point","coordinates":[-71.057215,42.428118]},"properties":{"Leaf type":"broadleaved"}},{"type":"Feature","geometry":{"type":"Point","coordinates":[-71.057797,42.427876]},"properties":{"Leaf type":"broadleaved"}},{"type":"Feature","geometry":{"type":"Point","coordinates":[-71.057903,42.427827]},"properties":{"Leaf type":"broadleaved"}},{"type":"Feature","geometry":{"type":"Point","coordinates":[-71.058093,42.427732]},"properties":{"Leaf type":"broadleaved"}},{"type":"Feature","geometry":{"type":"Point","coordinates":[-71.055424,42.427203]},"properties":{"Leaf type":"broadleaved"}},{"type":"Feature","geometry":{"type":"Point","coordinates":[-71.055402,42.427315]},"properties":{"Leaf type":"broadleaved"}},{"type":"Feature","geometry":{"type":"Point","coordinates":[-71.055374,42.426806]},"properties":{"Leaf type":"broadleaved"}},{"type":"Feature","geometry":{"type":"Point","coordinates":[-71.054821,42.42745]},"properties":{"Leaf type":"broadleaved"}},{"type":"Feature","geometry":{"type":"Point","coordinates":[-71.055495,42.426839]},"properties":{"Leaf type":"broadleaved"}},{"type":"Feature","geometry":{"type":"Point","coordinates":[-71.05556,42.426939]},"properties":{"Leaf type":"broadleaved"}},{"type":"Feature","geometry":{"type":"Point","coordinates":[-71.055439,42.426873]},"properties":{"Leaf type":"broadleaved"}},{"type":"Feature","geometry":{"type":"Point","coordinates":[-71.055255,42.427315]},"properties":{"Leaf type":"broadleaved"}},{"type":"Feature","geometry":{"type":"Point","coordinates":[-71.055546,42.427195]},"properties":{"Leaf type":"broadleaved"}},{"type":"Feature","geometry":{"type":"Point","coordinates":[-71.054521,42.427487]},"properties":{"Leaf type":"broadleaved"}},{"type":"Feature","geometry":{"type":"Point","coordinates":[-71.054381,42.427528]},"properties":{"Leaf type":"broadleaved"}},{"type":"Feature","geometry":{"type":"Point","coordinates":[-71.054761,42.427176]},"properties":{"Leaf type":"broadleaved"}},{"type":"Feature","geometry":{"type":"Point","coordinates":[-71.055715,42.426927]},"properties":{"Leaf type":"broadleaved"}},{"type":"Feature","geometry":{"type":"Point","coordinates":[-71.055485,42.426978]},"properties":{"Leaf type":"broadleaved"}},{"type":"Feature","geometry":{"type":"Point","coordinates":[-71.055379,42.427242]},"properties":{"Leaf type":"broadleaved"}},{"type":"Feature","geometry":{"type":"Point","coordinates":[-71.054614,42.427493]},"properties":{"Leaf type":"broadleaved"}},{"type":"Feature","geometry":{"type":"Point","coordinates":[-71.054678,42.427183]},"properties":{"Leaf type":"broadleaved"}},{"type":"Feature","geometry":{"type":"Point","coordinates":[-71.054774,42.427406]},"properties":{"Leaf type":"broadleaved"}},{"type":"Feature","geometry":{"type":"Point","coordinates":[-71.055223,42.427107]},"properties":{"Leaf type":"broadleaved"}},{"type":"Feature","geometry":{"type":"Point","coordinates":[-71.055405,42.427044]},"properties":{"Leaf type":"broadleaved"}},{"type":"Feature","geometry":{"type":"Point","coordinates":[-71.055471,42.426923]},"properties":{"Leaf type":"broadleaved"}},{"type":"Feature","geometry":{"type":"Point","coordinates":[-71.055019,42.427014]},"properties":{"Leaf type":"broadleaved"}},{"type":"Feature","geometry":{"type":"Point","coordinates":[-71.05508,42.42714]},"properties":{"Leaf type":"broadleaved"}},{"type":"Feature","geometry":{"type":"Point","coordinates":[-71.05456,42.427221]},"properties":{"Leaf type":"broadleaved"}},{"type":"Feature","geometry":{"type":"Point","coordinates":[-71.055774,42.426993]},"properties":{"Leaf type":"broadleaved"}},{"type":"Feature","geometry":{"type":"Point","coordinates":[-71.05544,42.426755]},"properties":{"Leaf type":"broadleaved"}},{"type":"Feature","geometry":{"type":"Point","coordinates":[-71.05596,42.427219]},"properties":{"Leaf type":"broadleaved"}},{"type":"Feature","geometry":{"type":"Point","coordinates":[-71.056077,42.427403]},"properties":{"Leaf type":"broadleaved"}},{"type":"Feature","geometry":{"type":"Point","coordinates":[-71.056077,42.427403]},"properties":{"Leaf type":"broadleaved"}},{"type":"Feature","geometry":{"type":"Point","coordinates":[-71.052621,42.415348]},"properties":{}},{"type":"Feature","geometry":{"type":"Point","coordinates":[-71.05249,42.415296]},"properties":{}},{"type":"Feature","geometry":{"type":"Point","coordinates":[-71.052418,42.415244]},"properties":{}},{"type":"Feature","geometry":{"type":"Point","coordinates":[-71.052718,42.415347]},"properties":{}},{"type":"Feature","geometry":{"type":"Point","coordinates":[-71.054288,42.425372]},"properties":{"Leaf type":"broadleaved"}},{"type":"Feature","geometry":{"type":"Point","coordinates":[-71.054548,42.425517]},"properties":{"Leaf type":"broadleaved"}},{"type":"Feature","geometry":{"type":"Point","coordinates":[-71.05445,42.425441]},"properties":{"Leaf type":"broadleaved"}},{"type":"Feature","geometry":{"type":"Point","coordinates":[-71.056045,42.426947]},"properties":{"Leaf type":"broadleaved"}},{"type":"Feature","geometry":{"type":"Point","coordinates":[-71.055966,42.427083]},"properties":{"Leaf type":"broadleaved"}},{"type":"Feature","geometry":{"type":"Point","coordinates":[-71.053468,42.426981]},"properties":{"Leaf type":"broadleaved"}},{"type":"Feature","geometry":{"type":"Point","coordinates":[-71.054742,42.426904]},"properties":{"Leaf type":"broadleaved"}},{"type":"Feature","geometry":{"type":"Point","coordinates":[-71.054267,42.427161]},"properties":{"Leaf type":"broadleaved"}},{"type":"Feature","geometry":{"type":"Point","coordinates":[-71.053712,42.426824]},"properties":{"Leaf type":"broadleaved"}},{"type":"Feature","geometry":{"type":"Point","coordinates":[-71.053753,42.426694]},"properties":{"Leaf type":"broadleaved"}},{"type":"Feature","geometry":{"type":"Point","coordinates":[-71.056119,42.427122]},"properties":{"Leaf type":"broadleaved"}},{"type":"Feature","geometry":{"type":"Point","coordinates":[-71.054612,42.426938]},"properties":{"Leaf type":"broadleaved"}},{"type":"Feature","geometry":{"type":"Point","coordinates":[-71.05387,42.427174]},"properties":{"Leaf type":"broadleaved"}},{"type":"Feature","geometry":{"type":"Point","coordinates":[-71.053291,42.427045]},"properties":{"Leaf type":"broadleaved"}},{"type":"Feature","geometry":{"type":"Point","coordinates":[-71.056062,42.42697]},"properties":{"Leaf type":"broadleaved"}},{"type":"Feature","geometry":{"type":"Point","coordinates":[-71.054536,42.426967]},"properties":{"Leaf type":"broadleaved"}},{"type":"Feature","geometry":{"type":"Point","coordinates":[-71.054035,42.427042]},"properties":{"Leaf type":"broadleaved"}},{"type":"Feature","geometry":{"type":"Point","coordinates":[-71.053478,42.427178]},"properties":{"Leaf type":"broadleaved"}},{"type":"Feature","geometry":{"type":"Point","coordinates":[-71.053617,42.427215]},"properties":{"Leaf type":"broadleaved"}},{"type":"Feature","geometry":{"type":"Point","coordinates":[-71.05365,42.426841]},"properties":{"Leaf type":"broadleaved"}},{"type":"Feature","geometry":{"type":"Point","coordinates":[-71.053886,42.426607]},"properties":{"Leaf type":"broadleaved"}},{"type":"Feature","geometry":{"type":"Point","coordinates":[-71.053576,42.426902]},"properties":{"Leaf type":"broadleaved"}},{"type":"Feature","geometry":{"type":"Point","coordinates":[-71.056441,42.42688]},"properties":{"Leaf type":"broadleaved"}},{"type":"Feature","geometry":{"type":"Point","coordinates":[-71.054045,42.426885]},"properties":{"Leaf type":"broadleaved"}},{"type":"Feature","geometry":{"type":"Point","coordinates":[-71.057431,42.42629]},"properties":{"Leaf type":"broadleaved"}},{"type":"Feature","geometry":{"type":"Point","coordinates":[-71.054247,42.426967]},"properties":{"Leaf type":"broadleaved"}},{"type":"Feature","geometry":{"type":"Point","coordinates":[-71.053895,42.427147]},"properties":{"Leaf type":"broadleaved"}},{"type":"Feature","geometry":{"type":"Point","coordinates":[-71.054074,42.426644]},"properties":{"Leaf type":"broadleaved"}},{"type":"Feature","geometry":{"type":"Point","coordinates":[-71.054148,42.426603]},"properties":{"Leaf type":"broadleaved"}},{"type":"Feature","geometry":{"type":"Point","coordinates":[-71.054554,42.426476]},"properties":{"Leaf type":"broadleaved"}},{"type":"Feature","geometry":{"type":"Point","coordinates":[-71.054658,42.426543]},"properties":{"Leaf type":"broadleaved"}},{"type":"Feature","geometry":{"type":"Point","coordinates":[-71.05465,42.426026]},"properties":{"Leaf type":"broadleaved"}},{"type":"Feature","geometry":{"type":"Point","coordinates":[-71.054052,42.426541]},"properties":{"Leaf type":"broadleaved"}},{"type":"Feature","geometry":{"type":"Point","coordinates":[-71.054565,42.426489]},"properties":{"Leaf type":"broadleaved"}},{"type":"Feature","geometry":{"type":"Point","coordinates":[-71.054905,42.426663]},"properties":{"Leaf type":"broadleaved"}},{"type":"Feature","geometry":{"type":"Point","coordinates":[-71.054872,42.426083]},"properties":{"Leaf type":"broadleaved"}},{"type":"Feature","geometry":{"type":"Point","coordinates":[-71.054952,42.426036]},"properties":{"Leaf type":"broadleaved"}},{"type":"Feature","geometry":{"type":"Point","coordinates":[-71.054718,42.426719]},"properties":{"Leaf type":"broadleaved"}},{"type":"Feature","geometry":{"type":"Point","coordinates":[-71.054421,42.42667]},"properties":{"Leaf type":"broadleaved"}},{"type":"Feature","geometry":{"type":"Point","coordinates":[-71.054374,42.426238]},"properties":{"Leaf type":"broadleaved"}},{"type":"Feature","geometry":{"type":"Point","coordinates":[-71.054812,42.426279]},"properties":{"Leaf type":"broadleaved"}},{"type":"Feature","geometry":{"type":"Point","coordinates":[-71.055093,42.426291]},"properties":{"Leaf type":"broadleaved"}},{"type":"Feature","geometry":{"type":"Point","coordinates":[-71.054528,42.426701]},"properties":{"Leaf type":"broadleaved"}},{"type":"Feature","geometry":{"type":"Point","coordinates":[-71.054232,42.426438]},"properties":{"Leaf type":"broadleaved"}},{"type":"Feature","geometry":{"type":"Point","coordinates":[-71.054649,42.42672]},"properties":{"Leaf type":"broadleaved"}},{"type":"Feature","geometry":{"type":"Point","coordinates":[-71.055213,42.426401]},"properties":{"Leaf type":"broadleaved"}},{"type":"Feature","geometry":{"type":"Point","coordinates":[-71.054665,42.426138]},"properties":{"Leaf type":"broadleaved"}},{"type":"Feature","geometry":{"type":"Point","coordinates":[-71.054345,42.426516]},"properties":{"Leaf type":"broadleaved"}},{"type":"Feature","geometry":{"type":"Point","coordinates":[-71.054871,42.426474]},"properties":{"Leaf type":"broadleaved"}},{"type":"Feature","geometry":{"type":"Point","coordinates":[-71.055036,42.426635]},"properties":{"Leaf type":"broadleaved"}},{"type":"Feature","geometry":{"type":"Point","coordinates":[-71.054367,42.426577]},"properties":{"Leaf type":"broadleaved"}},{"type":"Feature","geometry":{"type":"Point","coordinates":[-71.05453,42.426181]},"properties":{"Leaf type":"broadleaved"}},{"type":"Feature","geometry":{"type":"Point","coordinates":[-71.055579,42.427103]},"properties":{"Leaf type":"needleleaved"}},{"type":"Feature","geometry":{"type":"Point","coordinates":[-71.055022,42.426218]},"properties":{"Leaf type":"broadleaved"}},{"type":"Feature","geometry":{"type":"Point","coordinates":[-71.054495,42.426143]},"properties":{"Leaf type":"broadleaved"}},{"type":"Feature","geometry":{"type":"Point","coordinates":[-71.054759,42.426523]},"properties":{"Leaf type":"broadleaved"}},{"type":"Feature","geometry":{"type":"Point","coordinates":[-71.057269,42.42989]},"properties":{"Leaf type":"broadleaved"}},{"type":"Feature","geometry":{"type":"Point","coordinates":[-71.057216,42.429807]},"properties":{"Leaf type":"broadleaved"}},{"type":"Feature","geometry":{"type":"Point","coordinates":[-71.057501,42.430333]},"properties":{"Leaf type":"broadleaved"}},{"type":"Feature","geometry":{"type":"Point","coordinates":[-71.063497,42.426282]},"properties":{"Leaf type":"broadleaved"}},{"type":"Feature","geometry":{"type":"Point","coordinates":[-71.064029,42.426177]},"properties":{"Leaf type":"broadleaved"}},{"type":"Feature","geometry":{"type":"Point","coordinates":[-71.063537,42.42629]},"properties":{"Leaf type":"broadleaved"}},{"type":"Feature","geometry":{"type":"Point","coordinates":[-71.063513,42.426224]},"properties":{"Leaf type":"broadleaved"}},{"type":"Feature","geometry":{"type":"Point","coordinates":[-71.060894,42.426388]},"properties":{"Leaf type":"broadleaved"}},{"type":"Feature","geometry":{"type":"Point","coordinates":[-71.064016,42.426245]},"properties":{"Leaf type":"broadleaved"}},{"type":"Feature","geometry":{"type":"Point","coordinates":[-71.062048,42.426352]},"properties":{"Leaf type":"broadleaved"}},{"type":"Feature","geometry":{"type":"Point","coordinates":[-71.062201,42.426357]},"properties":{"Leaf type":"broadleaved"}},{"type":"Feature","geometry":{"type":"Point","coordinates":[-71.063977,42.426326]},"properties":{"Leaf type":"broadleaved"}},{"type":"Feature","geometry":{"type":"Point","coordinates":[-71.060882,42.426585]},"properties":{"Leaf type":"broadleaved"}},{"type":"Feature","geometry":{"type":"Point","coordinates":[-71.062401,42.426335]},"properties":{"Leaf type":"broadleaved"}},{"type":"Feature","geometry":{"type":"Point","coordinates":[-71.061524,42.426415]},"properties":{"Leaf type":"broadleaved"}},{"type":"Feature","geometry":{"type":"Point","coordinates":[-71.063579,42.426294]},"properties":{"Leaf type":"broadleaved"}},{"type":"Feature","geometry":{"type":"Point","coordinates":[-71.06177,42.426381]},"properties":{"Leaf type":"broadleaved"}},{"type":"Feature","geometry":{"type":"Point","coordinates":[-71.063975,42.426249]},"properties":{"Leaf type":"broadleaved"}},{"type":"Feature","geometry":{"type":"Point","coordinates":[-71.062602,42.426173]},"properties":{"Leaf type":"broadleaved"}},{"type":"Feature","geometry":{"type":"Point","coordinates":[-71.063128,42.426444]},"properties":{"Leaf type":"broadleaved"}},{"type":"Feature","geometry":{"type":"Point","coordinates":[-71.063685,42.42654]},"properties":{"Leaf type":"broadleaved"}},{"type":"Feature","geometry":{"type":"Point","coordinates":[-71.063331,42.426409]},"properties":{"Leaf type":"broadleaved"}},{"type":"Feature","geometry":{"type":"Point","coordinates":[-71.06367,42.426339]},"properties":{"Leaf type":"broadleaved"}},{"type":"Feature","geometry":{"type":"Point","coordinates":[-71.05177,42.428554]},"properties":{"Leaf type":"broadleaved"}},{"type":"Feature","geometry":{"type":"Point","coordinates":[-71.052884,42.427839]},"properties":{"Leaf type":"broadleaved"}},{"type":"Feature","geometry":{"type":"Point","coordinates":[-71.059918,42.425872]},"properties":{"Leaf type":"broadleaved"}},{"type":"Feature","geometry":{"type":"Point","coordinates":[-71.053779,42.4277]},"properties":{"Leaf type":"broadleaved"}},{"type":"Feature","geometry":{"type":"Point","coordinates":[-71.059559,42.425596]},"properties":{"Leaf type":"broadleaved"}},{"type":"Feature","geometry":{"type":"Point","coordinates":[-71.052701,42.427524]},"properties":{"Leaf type":"broadleaved"}},{"type":"Feature","geometry":{"type":"Point","coordinates":[-71.060238,42.426575]},"properties":{"Leaf type":"broadleaved"}},{"type":"Feature","geometry":{"type":"Point","coordinates":[-71.053725,42.427376]},"properties":{"Leaf type":"broadleaved"}},{"type":"Feature","geometry":{"type":"Point","coordinates":[-71.05454,42.425882]},"properties":{"Leaf type":"broadleaved"}},{"type":"Feature","geometry":{"type":"Point","coordinates":[-71.051764,42.428223]},"properties":{"Leaf type":"broadleaved"}},{"type":"Feature","geometry":{"type":"Point","coordinates":[-71.052097,42.427814]},"properties":{"Leaf type":"broadleaved"}},{"type":"Feature","geometry":{"type":"Point","coordinates":[-71.051557,42.428638]},"properties":{"Leaf type":"broadleaved"}},{"type":"Feature","geometry":{"type":"Point","coordinates":[-71.051841,42.428545]},"properties":{"Leaf type":"broadleaved"}},{"type":"Feature","geometry":{"type":"Point","coordinates":[-71.059805,42.425865]},"properties":{"Leaf type":"broadleaved"}},{"type":"Feature","geometry":{"type":"Point","coordinates":[-71.051479,42.428391]},"properties":{"Leaf type":"broadleaved"}},{"type":"Feature","geometry":{"type":"Point","coordinates":[-71.052452,42.427677]},"properties":{"Leaf type":"broadleaved"}},{"type":"Feature","geometry":{"type":"Point","coordinates":[-71.052063,42.429311]},"properties":{"Leaf type":"broadleaved"}},{"type":"Feature","geometry":{"type":"Point","coordinates":[-71.052972,42.427704]},"properties":{"Leaf type":"broadleaved"}},{"type":"Feature","geometry":{"type":"Point","coordinates":[-71.052592,42.42761]},"properties":{"Leaf type":"broadleaved"}},{"type":"Feature","geometry":{"type":"Point","coordinates":[-71.060004,42.425953]},"properties":{"Leaf type":"broadleaved"}},{"type":"Feature","geometry":{"type":"Point","coordinates":[-71.052318,42.429302]},"properties":{"Leaf type":"broadleaved"}},{"type":"Feature","geometry":{"type":"Point","coordinates":[-71.051451,42.42859]},"properties":{"Leaf type":"broadleaved"}},{"type":"Feature","geometry":{"type":"Point","coordinates":[-71.053924,42.427764]},"properties":{"Leaf type":"needleleaved"}},{"type":"Feature","geometry":{"type":"Point","coordinates":[-71.054442,42.425959]},"properties":{"Leaf type":"broadleaved"}},{"type":"Feature","geometry":{"type":"Point","coordinates":[-71.053122,42.428025]},"properties":{"Leaf type":"broadleaved"}},{"type":"Feature","geometry":{"type":"Point","coordinates":[-71.05292,42.427652]},"properties":{"Leaf type":"broadleaved"}},{"type":"Feature","geometry":{"type":"Point","coordinates":[-71.051609,42.428728]},"properties":{"Leaf type":"broadleaved"}},{"type":"Feature","geometry":{"type":"Point","coordinates":[-71.053146,42.42777]},"properties":{"Leaf type":"broadleaved"}},{"type":"Feature","geometry":{"type":"Point","coordinates":[-71.052713,42.427486]},"properties":{"Leaf type":"broadleaved"}},{"type":"Feature","geometry":{"type":"Point","coordinates":[-71.051647,42.428489]},"properties":{"Leaf type":"broadleaved"}},{"type":"Feature","geometry":{"type":"Point","coordinates":[-71.051759,42.429174]},"properties":{"Leaf type":"broadleaved"}},{"type":"Feature","geometry":{"type":"Point","coordinates":[-71.052763,42.427754]},"properties":{"Leaf type":"needleleaved"}},{"type":"Feature","geometry":{"type":"Point","coordinates":[-71.052981,42.427978]},"properties":{"Leaf type":"broadleaved"}},{"type":"Feature","geometry":{"type":"Point","coordinates":[-71.051737,42.429219]},"properties":{"Leaf type":"broadleaved"}},{"type":"Feature","geometry":{"type":"Point","coordinates":[-71.051914,42.428533]},"properties":{"Leaf type":"broadleaved"}},{"type":"Feature","geometry":{"type":"Point","coordinates":[-71.061954,42.425945]},"properties":{"Leaf type":"broadleaved"}},{"type":"Feature","geometry":{"type":"Point","coordinates":[-71.053044,42.42814]},"properties":{"Leaf type":"broadleaved"}},{"type":"Feature","geometry":{"type":"Point","coordinates":[-71.051678,42.428344]},"properties":{"Leaf type":"broadleaved"}},{"type":"Feature","geometry":{"type":"Point","coordinates":[-71.052999,42.427822]},"properties":{"Leaf type":"broadleaved"}},{"type":"Feature","geometry":{"type":"Point","coordinates":[-71.051888,42.428126]},"properties":{"Leaf type":"broadleaved"}},{"type":"Feature","geometry":{"type":"Point","coordinates":[-71.059793,42.425746]},"properties":{"Leaf type":"broadleaved"}},{"type":"Feature","geometry":{"type":"Point","coordinates":[-71.053747,42.427592]},"properties":{"Leaf type":"broadleaved"}},{"type":"Feature","geometry":{"type":"Point","coordinates":[-71.053169,42.426986]},"properties":{"Leaf type":"broadleaved"}},{"type":"Feature","geometry":{"type":"Point","coordinates":[-71.054535,42.425849]},"properties":{"Leaf type":"broadleaved"}},{"type":"Feature","geometry":{"type":"Point","coordinates":[-71.052287,42.427887]},"properties":{"Leaf type":"broadleaved"}},{"type":"Feature","geometry":{"type":"Point","coordinates":[-71.053789,42.427528]},"properties":{"Leaf type":"broadleaved"}},{"type":"Feature","geometry":{"type":"Point","coordinates":[-71.052163,42.427904]},"properties":{"Leaf type":"broadleaved"}},{"type":"Feature","geometry":{"type":"Point","coordinates":[-71.051808,42.428233]},"properties":{"Leaf type":"needleleaved"}},{"type":"Feature","geometry":{"type":"Point","coordinates":[-71.051752,42.429266]},"properties":{"Leaf type":"broadleaved"}},{"type":"Feature","geometry":{"type":"Point","coordinates":[-71.052156,42.428592]},"properties":{"Leaf type":"broadleaved"}},{"type":"Feature","geometry":{"type":"Point","coordinates":[-71.051716,42.428556]},"properties":{"Leaf type":"broadleaved"}},{"type":"Feature","geometry":{"type":"Point","coordinates":[-71.051585,42.428784]},"properties":{"Leaf type":"broadleaved"}},{"type":"Feature","geometry":{"type":"Point","coordinates":[-71.052645,42.427541]},"properties":{"Leaf type":"broadleaved"}},{"type":"Feature","geometry":{"type":"Point","coordinates":[-71.054513,42.425905]},"properties":{"Leaf type":"broadleaved"}},{"type":"Feature","geometry":{"type":"Point","coordinates":[-71.059674,42.42561]},"properties":{"Leaf type":"broadleaved"}},{"type":"Feature","geometry":{"type":"Point","coordinates":[-71.05145,42.428492]},"properties":{"Leaf type":"broadleaved"}},{"type":"Feature","geometry":{"type":"Point","coordinates":[-71.054482,42.425928]},"properties":{"Leaf type":"broadleaved"}},{"type":"Feature","geometry":{"type":"Point","coordinates":[-71.052095,42.427763]},"properties":{"Leaf type":"broadleaved"}},{"type":"Feature","geometry":{"type":"Point","coordinates":[-71.062145,42.425962]},"properties":{"Leaf type":"broadleaved"}},{"type":"Feature","geometry":{"type":"Point","coordinates":[-71.053564,42.427513]},"properties":{"Leaf type":"broadleaved"}},{"type":"Feature","geometry":{"type":"Point","coordinates":[-71.053992,42.427781]},"properties":{"Leaf type":"needleleaved"}},{"type":"Feature","geometry":{"type":"Point","coordinates":[-71.052873,42.428109]},"properties":{"Leaf type":"broadleaved"}},{"type":"Feature","geometry":{"type":"Point","coordinates":[-71.051783,42.428256]},"properties":{"Leaf type":"needleleaved"}},{"type":"Feature","geometry":{"type":"Point","coordinates":[-71.062353,42.425967]},"properties":{"Leaf type":"broadleaved"}},{"type":"Feature","geometry":{"type":"Point","coordinates":[-71.051744,42.428086]},"properties":{"Leaf type":"broadleaved"}},{"type":"Feature","geometry":{"type":"Point","coordinates":[-71.054406,42.425985]},"properties":{"Leaf type":"broadleaved"}},{"type":"Feature","geometry":{"type":"Point","coordinates":[-71.062602,42.426173]},"properties":{"Leaf type":"broadleaved"}},{"type":"Feature","geometry":{"type":"Point","coordinates":[-71.052137,42.427997]},"properties":{"Leaf type":"broadleaved"}},{"type":"Feature","geometry":{"type":"Point","coordinates":[-71.051901,42.428208]},"properties":{"Leaf type":"broadleaved"}},{"type":"Feature","geometry":{"type":"Point","coordinates":[-71.051826,42.42825]},"properties":{"Leaf type":"needleleaved"}},{"type":"Feature","geometry":{"type":"Point","coordinates":[-71.052014,42.428103]},"properties":{"Leaf type":"broadleaved"}},{"type":"Feature","geometry":{"type":"Point","coordinates":[-71.051847,42.42932]},"properties":{"Leaf type":"broadleaved"}},{"type":"Feature","geometry":{"type":"Point","coordinates":[-71.054166,42.42617]},"properties":{"Leaf type":"broadleaved"}},{"type":"Feature","geometry":{"type":"Point","coordinates":[-71.059598,42.425528]},"properties":{"Leaf type":"broadleaved"}},{"type":"Feature","geometry":{"type":"Point","coordinates":[-71.051687,42.428396]},"properties":{"Leaf type":"broadleaved"}},{"type":"Feature","geometry":{"type":"Point","coordinates":[-71.054565,42.425816]},"properties":{"Leaf type":"broadleaved"}},{"type":"Feature","geometry":{"type":"Point","coordinates":[-71.052018,42.428019]},"properties":{"Leaf type":"broadleaved"}},{"type":"Feature","geometry":{"type":"Point","coordinates":[-71.052088,42.428576]},"properties":{"Leaf type":"broadleaved"}},{"type":"Feature","geometry":{"type":"Point","coordinates":[-71.052013,42.428524]},"properties":{"Leaf type":"broadleaved"}},{"type":"Feature","geometry":{"type":"Point","coordinates":[-71.05301,42.427466]},"properties":{"Leaf type":"broadleaved"}},{"type":"Feature","geometry":{"type":"Point","coordinates":[-71.053138,42.427244]},"properties":{"Leaf type":"broadleaved"}},{"type":"Feature","geometry":{"type":"Point","coordinates":[-71.051767,42.428293]},"properties":{"Leaf type":"broadleaved"}},{"type":"Feature","geometry":{"type":"Point","coordinates":[-71.052786,42.427462]},"properties":{"Leaf type":"broadleaved"}},{"type":"Feature","geometry":{"type":"Point","coordinates":[-71.060221,42.426348]},"properties":{"Leaf type":"broadleaved"}},{"type":"Feature","geometry":{"type":"Point","coordinates":[-71.051697,42.42902]},"properties":{"Leaf type":"broadleaved"}},{"type":"Feature","geometry":{"type":"Point","coordinates":[-71.05321,42.427568]},"properties":{"Leaf type":"broadleaved"}},{"type":"Feature","geometry":{"type":"Point","coordinates":[-71.053335,42.427654]},"properties":{"Leaf type":"broadleaved"}},{"type":"Feature","geometry":{"type":"Point","coordinates":[-71.053446,42.427735]},"properties":{"Leaf type":"broadleaved"}},{"type":"Feature","geometry":{"type":"Point","coordinates":[-71.053601,42.4278]},"properties":{"Leaf type":"broadleaved"}},{"type":"Feature","geometry":{"type":"Point","coordinates":[-71.057835,42.429597]},"properties":{"Leaf type":"needleleaved"}},{"type":"Feature","geometry":{"type":"Point","coordinates":[-71.060346,42.424845]},"properties":{"Leaf type":"needleleaved"}},{"type":"Feature","geometry":{"type":"Point","coordinates":[-71.060863,42.424893]},"properties":{"Leaf type":"needleleaved"}},{"type":"Feature","geometry":{"type":"Point","coordinates":[-71.06042,42.424913]},"properties":{"Leaf type":"broadleaved"}},{"type":"Feature","geometry":{"type":"Point","coordinates":[-71.060777,42.424943]},"properties":{"Leaf type":"needleleaved"}},{"type":"Feature","geometry":{"type":"Point","coordinates":[-71.057737,42.430145]},"properties":{"Leaf type":"broadleaved"}},{"type":"Feature","geometry":{"type":"Point","coordinates":[-71.056473,42.426128]},"properties":{"Leaf type":"broadleaved"}},{"type":"Feature","geometry":{"type":"Point","coordinates":[-71.057301,42.425616]},"properties":{"Leaf type":"broadleaved"}},{"type":"Feature","geometry":{"type":"Point","coordinates":[-71.056488,42.426219]},"properties":{"Leaf type":"broadleaved"}},{"type":"Feature","geometry":{"type":"Point","coordinates":[-71.055679,42.426517]},"properties":{"Leaf type":"broadleaved"}},{"type":"Feature","geometry":{"type":"Point","coordinates":[-71.05748,42.425495]},"properties":{"Leaf type":"broadleaved"}},{"type":"Feature","geometry":{"type":"Point","coordinates":[-71.056791,42.425923]},"properties":{"Leaf type":"broadleaved"}},{"type":"Feature","geometry":{"type":"Point","coordinates":[-71.056916,42.425832]},"properties":{"Leaf type":"broadleaved"}},{"type":"Feature","geometry":{"type":"Point","coordinates":[-71.057072,42.425737]},"properties":{"Leaf type":"broadleaved"}},{"type":"Feature","geometry":{"type":"Point","coordinates":[-71.056212,42.426288]},"properties":{"Leaf type":"broadleaved"}},{"type":"Feature","geometry":{"type":"Point","coordinates":[-71.057652,42.425403]},"properties":{"Leaf type":"broadleaved"}},{"type":"Feature","geometry":{"type":"Point","coordinates":[-71.057247,42.425742]},"properties":{"Leaf type":"broadleaved"}},{"type":"Feature","geometry":{"type":"Point","coordinates":[-71.056993,42.425896]},"properties":{"Leaf type":"broadleaved"}},{"type":"Feature","geometry":{"type":"Point","coordinates":[-71.0566,42.426041]},"properties":{"Leaf type":"broadleaved"}},{"type":"Feature","geometry":{"type":"Point","coordinates":[-71.056677,42.426108]},"properties":{"Leaf type":"broadleaved"}},{"type":"Feature","geometry":{"type":"Point","coordinates":[-71.055917,42.426442]},"properties":{"Leaf type":"broadleaved"}},{"type":"Feature","geometry":{"type":"Point","coordinates":[-71.055618,42.42664]},"properties":{"Leaf type":"broadleaved"}},{"type":"Feature","geometry":{"type":"Point","coordinates":[-71.056262,42.426381]},"properties":{"Leaf type":"broadleaved"}},{"type":"Feature","geometry":{"type":"Point","coordinates":[-71.056841,42.425995]},"properties":{"Leaf type":"broadleaved"}},{"type":"Feature","geometry":{"type":"Point","coordinates":[-71.056062,42.426458]},"properties":{"Leaf type":"broadleaved"}},{"type":"Feature","geometry":{"type":"Point","coordinates":[-71.057448,42.42561]},"properties":{"Leaf type":"broadleaved"}},{"type":"Feature","geometry":{"type":"Point","coordinates":[-71.056393,42.426171]},"properties":{"Leaf type":"broadleaved"}},{"type":"Feature","geometry":{"type":"Point","coordinates":[-71.057621,42.425503]},"properties":{"Leaf type":"broadleaved"}},{"type":"Feature","geometry":{"type":"Point","coordinates":[-71.057859,42.423848]},"properties":{"Leaf type":"broadleaved"}},{"type":"Feature","geometry":{"type":"Point","coordinates":[-71.056728,42.424891]},"properties":{"Leaf type":"broadleaved"}},{"type":"Feature","geometry":{"type":"Point","coordinates":[-71.059222,42.424371]},"properties":{"Leaf type":"broadleaved"}},{"type":"Feature","geometry":{"type":"Point","coordinates":[-71.055617,42.425697]},"properties":{"Leaf type":"broadleaved"}},{"type":"Feature","geometry":{"type":"Point","coordinates":[-71.057985,42.424182]},"properties":{"Leaf type":"broadleaved"}},{"type":"Feature","geometry":{"type":"Point","coordinates":[-71.055207,42.425936]},"properties":{"Leaf type":"broadleaved"}},{"type":"Feature","geometry":{"type":"Point","coordinates":[-71.058003,42.423831]},"properties":{"Leaf type":"broadleaved"}},{"type":"Feature","geometry":{"type":"Point","coordinates":[-71.058131,42.423717]},"properties":{"Leaf type":"broadleaved"}},{"type":"Feature","geometry":{"type":"Point","coordinates":[-71.058933,42.423974]},"properties":{"Leaf type":"broadleaved"}},{"type":"Feature","geometry":{"type":"Point","coordinates":[-71.060201,42.424984]},"properties":{"Leaf type":"broadleaved"}},{"type":"Feature","geometry":{"type":"Point","coordinates":[-71.057621,42.424]},"properties":{"Leaf type":"broadleaved"}},{"type":"Feature","geometry":{"type":"Point","coordinates":[-71.060244,42.425032]},"properties":{"Leaf type":"broadleaved"}},{"type":"Feature","geometry":{"type":"Point","coordinates":[-71.057827,42.423961]},"properties":{"Leaf type":"broadleaved"}},{"type":"Feature","geometry":{"type":"Point","coordinates":[-71.058807,42.424838]},"properties":{"Leaf type":"broadleaved"}},{"type":"Feature","geometry":{"type":"Point","coordinates":[-71.059489,42.425415]},"properties":{"Leaf type":"broadleaved"}},{"type":"Feature","geometry":{"type":"Point","coordinates":[-71.058758,42.423942]},"properties":{"Leaf type":"broadleaved"}},{"type":"Feature","geometry":{"type":"Point","coordinates":[-71.055879,42.425634]},"properties":{"Leaf type":"broadleaved"}},{"type":"Feature","geometry":{"type":"Point","coordinates":[-71.058857,42.424974]},"properties":{"Leaf type":"broadleaved"}},{"type":"Feature","geometry":{"type":"Point","coordinates":[-71.056403,42.425131]},"properties":{"Leaf type":"broadleaved"}},{"type":"Feature","geometry":{"type":"Point","coordinates":[-71.058118,42.423643]},"properties":{"Leaf type":"broadleaved"}},{"type":"Feature","geometry":{"type":"Point","coordinates":[-71.05894,42.424924]},"properties":{"Leaf type":"broadleaved"}},{"type":"Feature","geometry":{"type":"Point","coordinates":[-71.05668,42.424968]},"properties":{"Leaf type":"broadleaved"}},{"type":"Feature","geometry":{"type":"Point","coordinates":[-71.056257,42.42541]},"properties":{"Leaf type":"broadleaved"}},{"type":"Feature","geometry":{"type":"Point","coordinates":[-71.059335,42.425275]},"properties":{"Leaf type":"broadleaved"}},{"type":"Feature","geometry":{"type":"Point","coordinates":[-71.058135,42.424289]},"properties":{"Leaf type":"broadleaved"}},{"type":"Feature","geometry":{"type":"Point","coordinates":[-71.05818,42.424321]},"properties":{"Leaf type":"broadleaved"}},{"type":"Feature","geometry":{"type":"Point","coordinates":[-71.056042,42.425538]},"properties":{"Leaf type":"broadleaved"}},{"type":"Feature","geometry":{"type":"Point","coordinates":[-71.056565,42.425115]},"properties":{"Leaf type":"broadleaved"}},{"type":"Feature","geometry":{"type":"Point","coordinates":[-71.05596,42.425487]},"properties":{"Leaf type":"broadleaved"}},{"type":"Feature","geometry":{"type":"Point","coordinates":[-71.056781,42.424656]},"properties":{"Leaf type":"broadleaved"}},{"type":"Feature","geometry":{"type":"Point","coordinates":[-71.055345,42.425955]},"properties":{"Leaf type":"broadleaved"}},{"type":"Feature","geometry":{"type":"Point","coordinates":[-71.058506,42.423747]},"properties":{"Leaf type":"broadleaved"}},{"type":"Feature","geometry":{"type":"Point","coordinates":[-71.058404,42.424594]},"properties":{"Leaf type":"broadleaved"}},{"type":"Feature","geometry":{"type":"Point","coordinates":[-71.056315,42.425248]},"properties":{"Leaf type":"broadleaved"}},{"type":"Feature","geometry":{"type":"Point","coordinates":[-71.05569,42.425757]},"properties":{"Leaf type":"broadleaved"}},{"type":"Feature","geometry":{"type":"Point","coordinates":[-71.0593,42.424524]},"properties":{"Leaf type":"broadleaved"}},{"type":"Feature","geometry":{"type":"Point","coordinates":[-71.058361,42.424458]},"properties":{"Leaf type":"broadleaved"}},{"type":"Feature","geometry":{"type":"Point","coordinates":[-71.055069,42.425298]},"properties":{"Leaf type":"broadleaved"}},{"type":"Feature","geometry":{"type":"Point","coordinates":[-71.055641,42.424853]},"properties":{"Leaf type":"broadleaved"}},{"type":"Feature","geometry":{"type":"Point","coordinates":[-71.056069,42.423677]},"properties":{"Leaf type":"broadleaved"}},{"type":"Feature","geometry":{"type":"Point","coordinates":[-71.055538,42.42404]},"properties":{"Leaf type":"broadleaved"}},{"type":"Feature","geometry":{"type":"Point","coordinates":[-71.056091,42.423697]},"properties":{"Leaf type":"broadleaved"}},{"type":"Feature","geometry":{"type":"Point","coordinates":[-71.055459,42.424641]},"properties":{"Leaf type":"broadleaved"}},{"type":"Feature","geometry":{"type":"Point","coordinates":[-71.055577,42.423908]},"properties":{"Leaf type":"broadleaved"}},{"type":"Feature","geometry":{"type":"Point","coordinates":[-71.055846,42.424305]},"properties":{"Leaf type":"broadleaved"}},{"type":"Feature","geometry":{"type":"Point","coordinates":[-71.056068,42.423651]},"properties":{"Leaf type":"broadleaved"}},{"type":"Feature","geometry":{"type":"Point","coordinates":[-71.055568,42.424076]},"properties":{"Leaf type":"broadleaved"}},{"type":"Feature","geometry":{"type":"Point","coordinates":[-71.055708,42.423881]},"properties":{"Leaf type":"broadleaved"}},{"type":"Feature","geometry":{"type":"Point","coordinates":[-71.05555,42.42494]},"properties":{"Leaf type":"broadleaved"}},{"type":"Feature","geometry":{"type":"Point","coordinates":[-71.0557,42.424059]},"properties":{"Leaf type":"broadleaved"}},{"type":"Feature","geometry":{"type":"Point","coordinates":[-71.055754,42.424172]},"properties":{"Leaf type":"broadleaved"}},{"type":"Feature","geometry":{"type":"Point","coordinates":[-71.055658,42.424135]},"properties":{"Leaf type":"broadleaved"}},{"type":"Feature","geometry":{"type":"Point","coordinates":[-71.055651,42.424447]},"properties":{"Leaf type":"broadleaved"}},{"type":"Feature","geometry":{"type":"Point","coordinates":[-71.055789,42.424088]},"properties":{"Leaf type":"broadleaved"}},{"type":"Feature","geometry":{"type":"Point","coordinates":[-71.055496,42.424577]},"properties":{"Leaf type":"broadleaved"}},{"type":"Feature","geometry":{"type":"Point","coordinates":[-71.055834,42.423917]},"properties":{"Leaf type":"broadleaved"}},{"type":"Feature","geometry":{"type":"Point","coordinates":[-71.055927,42.423843]},"properties":{"Leaf type":"broadleaved"}},{"type":"Feature","geometry":{"type":"Point","coordinates":[-71.055255,42.425279]},"properties":{"Leaf type":"broadleaved"}},{"type":"Feature","geometry":{"type":"Point","coordinates":[-71.055908,42.423993]},"properties":{"Leaf type":"broadleaved"}},{"type":"Feature","geometry":{"type":"Point","coordinates":[-71.054921,42.425499]},"properties":{"Leaf type":"broadleaved"}},{"type":"Feature","geometry":{"type":"Point","coordinates":[-71.055745,42.424884]},"properties":{"Leaf type":"broadleaved"}},{"type":"Feature","geometry":{"type":"Point","coordinates":[-71.055527,42.424005]},"properties":{"Leaf type":"broadleaved"}},{"type":"Feature","geometry":{"type":"Point","coordinates":[-71.055695,42.42425]},"properties":{"Leaf type":"broadleaved"}},{"type":"Feature","geometry":{"type":"Point","coordinates":[-71.055708,42.423995]},"properties":{"Leaf type":"broadleaved"}},{"type":"Feature","geometry":{"type":"Point","coordinates":[-71.055606,42.424128]},"properties":{"Leaf type":"broadleaved"}},{"type":"Feature","geometry":{"type":"Point","coordinates":[-71.055598,42.424101]},"properties":{"Leaf type":"broadleaved"}},{"type":"Feature","geometry":{"type":"Point","coordinates":[-71.055493,42.425013]},"properties":{"Leaf type":"broadleaved"}},{"type":"Feature","geometry":{"type":"Point","coordinates":[-71.055588,42.424496]},"properties":{"Leaf type":"broadleaved"}},{"type":"Feature","geometry":{"type":"Point","coordinates":[-71.055082,42.425605]},"properties":{"Leaf type":"needleleaved"}},{"type":"Feature","geometry":{"type":"Point","coordinates":[-71.056085,42.423631]},"properties":{"Leaf type":"broadleaved"}},{"type":"Feature","geometry":{"type":"Point","coordinates":[-71.055828,42.423857]},"properties":{"Leaf type":"broadleaved"}},{"type":"Feature","geometry":{"type":"Point","coordinates":[-71.055417,42.4251]},"properties":{"Leaf type":"broadleaved"}},{"type":"Feature","geometry":{"type":"Point","coordinates":[-71.055588,42.424817]},"properties":{"Leaf type":"broadleaved"}},{"type":"Feature","geometry":{"type":"Point","coordinates":[-71.055448,42.42393]},"properties":{"Leaf type":"broadleaved"}},{"type":"Feature","geometry":{"type":"Point","coordinates":[-71.055473,42.42443]},"properties":{"Leaf type":"broadleaved"}},{"type":"Feature","geometry":{"type":"Point","coordinates":[-71.0553,42.424945]},"properties":{"Leaf type":"broadleaved"}},{"type":"Feature","geometry":{"type":"Point","coordinates":[-71.055232,42.425036]},"properties":{"Leaf type":"broadleaved"}},{"type":"Feature","geometry":{"type":"Point","coordinates":[-71.055367,42.424821]},"properties":{"Leaf type":"broadleaved"}},{"type":"Feature","geometry":{"type":"Point","coordinates":[-71.055209,42.424366]},"properties":{"Leaf type":"broadleaved"}},{"type":"Feature","geometry":{"type":"Point","coordinates":[-71.055551,42.424183]},"properties":{"Leaf type":"broadleaved"}},{"type":"Feature","geometry":{"type":"Point","coordinates":[-71.05558,42.424212]},"properties":{"Leaf type":"broadleaved"}},{"type":"Feature","geometry":{"type":"Point","coordinates":[-71.054939,42.424339]},"properties":{"Leaf type":"broadleaved"}},{"type":"Feature","geometry":{"type":"Point","coordinates":[-71.055471,42.424085]},"properties":{"Leaf type":"broadleaved"}},{"type":"Feature","geometry":{"type":"Point","coordinates":[-71.055565,42.424304]},"properties":{"Leaf type":"broadleaved"}},{"type":"Feature","geometry":{"type":"Point","coordinates":[-71.054972,42.424293]},"properties":{"Leaf type":"broadleaved"}},{"type":"Feature","geometry":{"type":"Point","coordinates":[-71.055428,42.423987]},"properties":{"Leaf type":"broadleaved"}},{"type":"Feature","geometry":{"type":"Point","coordinates":[-71.054643,42.424642]},"properties":{"Leaf type":"broadleaved"}},{"type":"Feature","geometry":{"type":"Point","coordinates":[-71.055484,42.424104]},"properties":{"Leaf type":"broadleaved"}},{"type":"Feature","geometry":{"type":"Point","coordinates":[-71.055289,42.424049]},"properties":{"Leaf type":"broadleaved"}},{"type":"Feature","geometry":{"type":"Point","coordinates":[-71.0545,42.42495]},"properties":{"Leaf type":"broadleaved"}},{"type":"Feature","geometry":{"type":"Point","coordinates":[-71.05466,42.424571]},"properties":{"Leaf type":"broadleaved"}},{"type":"Feature","geometry":{"type":"Point","coordinates":[-71.054795,42.424421]},"properties":{"Leaf type":"broadleaved"}},{"type":"Feature","geometry":{"type":"Point","coordinates":[-71.05544,42.424512]},"properties":{"Leaf type":"broadleaved"}},{"type":"Feature","geometry":{"type":"Point","coordinates":[-71.055231,42.424112]},"properties":{"Leaf type":"broadleaved"}},{"type":"Feature","geometry":{"type":"Point","coordinates":[-71.05537,42.423971]},"properties":{"Leaf type":"broadleaved"}},{"type":"Feature","geometry":{"type":"Point","coordinates":[-71.055506,42.424415]},"properties":{"Leaf type":"broadleaved"}},{"type":"Feature","geometry":{"type":"Point","coordinates":[-71.055169,42.424323]},"properties":{"Leaf type":"broadleaved"}},{"type":"Feature","geometry":{"type":"Point","coordinates":[-71.055528,42.424152]},"properties":{"Leaf type":"broadleaved"}},{"type":"Feature","geometry":{"type":"Point","coordinates":[-71.05555,42.42438]},"properties":{"Leaf type":"broadleaved"}},{"type":"Feature","geometry":{"type":"Point","coordinates":[-71.054899,42.424403]},"properties":{"Leaf type":"broadleaved"}},{"type":"Feature","geometry":{"type":"Point","coordinates":[-71.055346,42.424386]},"properties":{"Leaf type":"broadleaved"}},{"type":"Feature","geometry":{"type":"Point","coordinates":[-71.055151,42.424357]},"properties":{"Leaf type":"broadleaved"}},{"type":"Feature","geometry":{"type":"Point","coordinates":[-71.055192,42.424124]},"properties":{"Leaf type":"broadleaved"}},{"type":"Feature","geometry":{"type":"Point","coordinates":[-71.05525,42.424301]},"properties":{"Leaf type":"broadleaved"}},{"type":"Feature","geometry":{"type":"Point","coordinates":[-71.055097,42.424246]},"properties":{"Leaf type":"broadleaved"}},{"type":"Feature","geometry":{"type":"Point","coordinates":[-71.055195,42.424175]},"properties":{"Leaf type":"broadleaved"}},{"type":"Feature","geometry":{"type":"Point","coordinates":[-71.055504,42.424127]},"properties":{"Leaf type":"broadleaved"}},{"type":"Feature","geometry":{"type":"Point","coordinates":[-71.055388,42.424723]},"properties":{"Leaf type":"broadleaved"}},{"type":"Feature","geometry":{"type":"Point","coordinates":[-71.055228,42.426572]},"properties":{"Leaf type":"broadleaved"}},{"type":"Feature","geometry":{"type":"Point","coordinates":[-71.055217,42.42443]},"properties":{"Leaf type":"broadleaved"}},{"type":"Feature","geometry":{"type":"Point","coordinates":[-71.055117,42.424435]},"properties":{"Leaf type":"broadleaved"}},{"type":"Feature","geometry":{"type":"Point","coordinates":[-71.055322,42.42469]},"properties":{"Leaf type":"broadleaved"}},{"type":"Feature","geometry":{"type":"Point","coordinates":[-71.055251,42.42447]},"properties":{"Leaf type":"broadleaved"}},{"type":"Feature","geometry":{"type":"Point","coordinates":[-71.054996,42.424453]},"properties":{"Leaf type":"broadleaved"}},{"type":"Feature","geometry":{"type":"Point","coordinates":[-71.055108,42.424471]},"properties":{"Leaf type":"broadleaved"}},{"type":"Feature","geometry":{"type":"Point","coordinates":[-71.055267,42.424555]},"properties":{"Leaf type":"broadleaved"}},{"type":"Feature","geometry":{"type":"Point","coordinates":[-71.055307,42.424594]},"properties":{"Leaf type":"broadleaved"}},{"type":"Feature","geometry":{"type":"Point","coordinates":[-71.055272,42.424568]},"properties":{"Leaf type":"broadleaved"}},{"type":"Feature","geometry":{"type":"Point","coordinates":[-71.054941,42.424474]},"properties":{"Leaf type":"broadleaved"}},{"type":"Feature","geometry":{"type":"Point","coordinates":[-71.054868,42.424501]},"properties":{"Leaf type":"broadleaved"}},{"type":"Feature","geometry":{"type":"Point","coordinates":[-71.055041,42.42448]},"properties":{"Leaf type":"broadleaved"}},{"type":"Feature","geometry":{"type":"Point","coordinates":[-71.055272,42.424829]},"properties":{"Leaf type":"broadleaved"}},{"type":"Feature","geometry":{"type":"Point","coordinates":[-71.055056,42.424442]},"properties":{"Leaf type":"broadleaved"}},{"type":"Feature","geometry":{"type":"Point","coordinates":[-71.057125,42.423079]},"properties":{"Leaf type":"broadleaved"}},{"type":"Feature","geometry":{"type":"Point","coordinates":[-71.05522,42.424588]},"properties":{"Leaf type":"broadleaved"}},{"type":"Feature","geometry":{"type":"Point","coordinates":[-71.056732,42.423272]},"properties":{"Leaf type":"broadleaved"}},{"type":"Feature","geometry":{"type":"Point","coordinates":[-71.057265,42.422841]},"properties":{"Leaf type":"broadleaved"}},{"type":"Feature","geometry":{"type":"Point","coordinates":[-71.05702,42.423165]},"properties":{"Leaf type":"broadleaved"}},{"type":"Feature","geometry":{"type":"Point","coordinates":[-71.05766,42.422652]},"properties":{"Leaf type":"broadleaved"}},{"type":"Feature","geometry":{"type":"Point","coordinates":[-71.057742,42.422475]},"properties":{"Leaf type":"broadleaved"}},{"type":"Feature","geometry":{"type":"Point","coordinates":[-71.056634,42.423352]},"properties":{"Leaf type":"broadleaved"}},{"type":"Feature","geometry":{"type":"Point","coordinates":[-71.059703,42.422244]},"properties":{"Leaf type":"broadleaved"}},{"type":"Feature","geometry":{"type":"Point","coordinates":[-71.059804,42.423143]},"properties":{"Leaf type":"broadleaved"}},{"type":"Feature","geometry":{"type":"Point","coordinates":[-71.056627,42.42345]},"properties":{"Leaf type":"broadleaved"}},{"type":"Feature","geometry":{"type":"Point","coordinates":[-71.057424,42.422728]},"properties":{"Leaf type":"broadleaved"}},{"type":"Feature","geometry":{"type":"Point","coordinates":[-71.055193,42.424507]},"properties":{"Leaf type":"broadleaved"}},{"type":"Feature","geometry":{"type":"Point","coordinates":[-71.058913,42.421915]},"properties":{"Leaf type":"broadleaved"}},{"type":"Feature","geometry":{"type":"Point","coordinates":[-71.05753,42.422637]},"properties":{"Leaf type":"broadleaved"}},{"type":"Feature","geometry":{"type":"Point","coordinates":[-71.055195,42.424542]},"properties":{"Leaf type":"broadleaved"}},{"type":"Feature","geometry":{"type":"Point","coordinates":[-71.057292,42.422957]},"properties":{"Leaf type":"broadleaved"}},{"type":"Feature","geometry":{"type":"Point","coordinates":[-71.058228,42.422082]},"properties":{"Leaf type":"broadleaved"}},{"type":"Feature","geometry":{"type":"Point","coordinates":[-71.059636,42.422593]},"properties":{"Leaf type":"broadleaved"}},{"type":"Feature","geometry":{"type":"Point","coordinates":[-71.058809,42.423216]},"properties":{"Leaf type":"broadleaved"}},{"type":"Feature","geometry":{"type":"Point","coordinates":[-71.057831,42.422401]},"properties":{"Leaf type":"broadleaved"}},{"type":"Feature","geometry":{"type":"Point","coordinates":[-71.057612,42.422566]},"properties":{"Leaf type":"broadleaved"}},{"type":"Feature","geometry":{"type":"Point","coordinates":[-71.055217,42.424518]},"properties":{"Leaf type":"broadleaved"}},{"type":"Feature","geometry":{"type":"Point","coordinates":[-71.058798,42.4231]},"properties":{"Leaf type":"broadleaved"}},{"type":"Feature","geometry":{"type":"Point","coordinates":[-71.058105,42.422177]},"properties":{"Leaf type":"broadleaved"}},{"type":"Feature","geometry":{"type":"Point","coordinates":[-71.059541,42.422194]},"properties":{"Leaf type":"broadleaved"}},{"type":"Feature","geometry":{"type":"Point","coordinates":[-71.058286,42.422162]},"properties":{"Leaf type":"broadleaved"}},{"type":"Feature","geometry":{"type":"Point","coordinates":[-71.059022,42.421954]},"properties":{"Leaf type":"broadleaved"}},{"type":"Feature","geometry":{"type":"Point","coordinates":[-71.059336,42.422831]},"properties":{"Leaf type":"broadleaved"}},{"type":"Feature","geometry":{"type":"Point","coordinates":[-71.058184,42.422229]},"properties":{"Leaf type":"broadleaved"}},{"type":"Feature","geometry":{"type":"Point","coordinates":[-71.05524,42.42457]},"properties":{"Leaf type":"broadleaved"}},{"type":"Feature","geometry":{"type":"Point","coordinates":[-71.055267,42.424633]},"properties":{"Leaf type":"broadleaved"}},{"type":"Feature","geometry":{"type":"Point","coordinates":[-71.055182,42.424478]},"properties":{"Leaf type":"broadleaved"}},{"type":"Feature","geometry":{"type":"Point","coordinates":[-71.057975,42.422284]},"properties":{"Leaf type":"broadleaved"}},{"type":"Feature","geometry":{"type":"Point","coordinates":[-71.058978,42.422568]},"properties":{"Leaf type":"broadleaved"}},{"type":"Feature","geometry":{"type":"Point","coordinates":[-71.05978,42.42249]},"properties":{"Leaf type":"broadleaved"}},{"type":"Feature","geometry":{"type":"Point","coordinates":[-71.054245,42.424713]},"properties":{"Leaf type":"broadleaved"}},{"type":"Feature","geometry":{"type":"Point","coordinates":[-71.055771,42.4238]},"properties":{"Leaf type":"broadleaved"}},{"type":"Feature","geometry":{"type":"Point","coordinates":[-71.054184,42.424798]},"properties":{"Leaf type":"broadleaved"}},{"type":"Feature","geometry":{"type":"Point","coordinates":[-71.054252,42.424839]},"properties":{"Leaf type":"broadleaved"}},{"type":"Feature","geometry":{"type":"Point","coordinates":[-71.054754,42.424278]},"properties":{"Leaf type":"broadleaved"}},{"type":"Feature","geometry":{"type":"Point","coordinates":[-71.055163,42.424018]},"properties":{"Leaf type":"broadleaved"}},{"type":"Feature","geometry":{"type":"Point","coordinates":[-71.055349,42.423858]},"properties":{"Leaf type":"broadleaved"}},{"type":"Feature","geometry":{"type":"Point","coordinates":[-71.054835,42.424277]},"properties":{"Leaf type":"broadleaved"}},{"type":"Feature","geometry":{"type":"Point","coordinates":[-71.05548,42.423855]},"properties":{"Leaf type":"broadleaved"}},{"type":"Feature","geometry":{"type":"Point","coordinates":[-71.054915,42.424213]},"properties":{"Leaf type":"broadleaved"}},{"type":"Feature","geometry":{"type":"Point","coordinates":[-71.055558,42.423795]},"properties":{"Leaf type":"broadleaved"}},{"type":"Feature","geometry":{"type":"Point","coordinates":[-71.055651,42.42381]},"properties":{"Leaf type":"broadleaved"}},{"type":"Feature","geometry":{"type":"Point","coordinates":[-71.055704,42.423809]},"properties":{"Leaf type":"broadleaved"}},{"type":"Feature","geometry":{"type":"Point","coordinates":[-71.05471,42.424318]},"properties":{"Leaf type":"broadleaved"}},{"type":"Feature","geometry":{"type":"Point","coordinates":[-71.05473,42.424383]},"properties":{"Leaf type":"broadleaved"}},{"type":"Feature","geometry":{"type":"Point","coordinates":[-71.055603,42.423796]},"properties":{"Leaf type":"broadleaved"}},{"type":"Feature","geometry":{"type":"Point","coordinates":[-71.054386,42.424576]},"properties":{"Leaf type":"broadleaved"}},{"type":"Feature","geometry":{"type":"Point","coordinates":[-71.054335,42.424629]},"properties":{"Leaf type":"broadleaved"}},{"type":"Feature","geometry":{"type":"Point","coordinates":[-71.054321,42.424915]},"properties":{"Leaf type":"broadleaved"}},{"type":"Feature","geometry":{"type":"Point","coordinates":[-71.055228,42.423957]},"properties":{"Leaf type":"broadleaved"}},{"type":"Feature","geometry":{"type":"Point","coordinates":[-71.055521,42.423831]},"properties":{"Leaf type":"broadleaved"}},{"type":"Feature","geometry":{"type":"Point","coordinates":[-71.054587,42.424386]},"properties":{"Leaf type":"broadleaved"}},{"type":"Feature","geometry":{"type":"Point","coordinates":[-71.05528,42.423929]},"properties":{"Leaf type":"broadleaved"}},{"type":"Feature","geometry":{"type":"Point","coordinates":[-71.054817,42.424228]},"properties":{"Leaf type":"broadleaved"}},{"type":"Feature","geometry":{"type":"Point","coordinates":[-71.05722,42.429248]},"properties":{"Leaf type":"broadleaved"}},{"type":"Feature","geometry":{"type":"Point","coordinates":[-71.057204,42.429253]},"properties":{"Leaf type":"broadleaved"}},{"type":"Feature","geometry":{"type":"Point","coordinates":[-71.058007,42.429102]},"properties":{"Leaf type":"broadleaved"}},{"type":"Feature","geometry":{"type":"Point","coordinates":[-71.057962,42.429106]},"properties":{"Leaf type":"broadleaved"}},{"type":"Feature","geometry":{"type":"Point","coordinates":[-71.052781,42.425832]},"properties":{"Leaf type":"broadleaved"}},{"type":"Feature","geometry":{"type":"Point","coordinates":[-71.053532,42.42496]},"properties":{"Leaf type":"broadleaved"}},{"type":"Feature","geometry":{"type":"Point","coordinates":[-71.053506,42.426562]},"properties":{"Leaf type":"broadleaved"}},{"type":"Feature","geometry":{"type":"Point","coordinates":[-71.053949,42.425258]},"properties":{"Leaf type":"broadleaved"}},{"type":"Feature","geometry":{"type":"Point","coordinates":[-71.053175,42.425285]},"properties":{"Leaf type":"needleleaved"}},{"type":"Feature","geometry":{"type":"Point","coordinates":[-71.053678,42.425067]},"properties":{"Leaf type":"broadleaved"}},{"type":"Feature","geometry":{"type":"Point","coordinates":[-71.053562,42.42503]},"properties":{"Leaf type":"broadleaved"}},{"type":"Feature","geometry":{"type":"Point","coordinates":[-71.052578,42.42647]},"properties":{"Leaf type":"needleleaved"}},{"type":"Feature","geometry":{"type":"Point","coordinates":[-71.052714,42.426074]},"properties":{"Leaf type":"broadleaved"}},{"type":"Feature","geometry":{"type":"Point","coordinates":[-71.053715,42.425155]},"properties":{"Leaf type":"broadleaved"}},{"type":"Feature","geometry":{"type":"Point","coordinates":[-71.053122,42.426315]},"properties":{"Leaf type":"broadleaved"}},{"type":"Feature","geometry":{"type":"Point","coordinates":[-71.052393,42.42627]},"properties":{"Leaf type":"broadleaved"}},{"type":"Feature","geometry":{"type":"Point","coordinates":[-71.053144,42.426456]},"properties":{"Leaf type":"broadleaved"}},{"type":"Feature","geometry":{"type":"Point","coordinates":[-71.053145,42.425253]},"properties":{"Leaf type":"needleleaved"}},{"type":"Feature","geometry":{"type":"Point","coordinates":[-71.053293,42.4252]},"properties":{"Leaf type":"broadleaved"}},{"type":"Feature","geometry":{"type":"Point","coordinates":[-71.053,42.426034]},"properties":{"Leaf type":"broadleaved"}},{"type":"Feature","geometry":{"type":"Point","coordinates":[-71.052929,42.425707]},"properties":{"Leaf type":"broadleaved"}},{"type":"Feature","geometry":{"type":"Point","coordinates":[-71.053386,42.424959]},"properties":{"Leaf type":"broadleaved"}},{"type":"Feature","geometry":{"type":"Point","coordinates":[-71.053331,42.425171]},"properties":{"Leaf type":"broadleaved"}},{"type":"Feature","geometry":{"type":"Point","coordinates":[-71.052642,42.426021]},"properties":{"Leaf type":"broadleaved"}},{"type":"Feature","geometry":{"type":"Point","coordinates":[-71.052413,42.426124]},"properties":{"Leaf type":"broadleaved"}},{"type":"Feature","geometry":{"type":"Point","coordinates":[-71.053479,42.424977]},"properties":{"Leaf type":"broadleaved"}},{"type":"Feature","geometry":{"type":"Point","coordinates":[-71.053661,42.425114]},"properties":{"Leaf type":"broadleaved"}},{"type":"Feature","geometry":{"type":"Point","coordinates":[-71.053213,42.425522]},"properties":{"Leaf type":"broadleaved"}},{"type":"Feature","geometry":{"type":"Point","coordinates":[-71.053202,42.425306]},"properties":{"Leaf type":"needleleaved"}},{"type":"Feature","geometry":{"type":"Point","coordinates":[-71.052362,42.429456]},"properties":{"Leaf type":"broadleaved"}},{"type":"Feature","geometry":{"type":"Point","coordinates":[-71.052511,42.429472]},"properties":{"Leaf type":"broadleaved"}},{"type":"Feature","geometry":{"type":"Point","coordinates":[-71.058587,42.429659]},"properties":{"Leaf type":"needleleaved"}},{"type":"Feature","geometry":{"type":"Point","coordinates":[-71.059505,42.430353]},"properties":{"Leaf type":"broadleaved"}},{"type":"Feature","geometry":{"type":"Point","coordinates":[-71.059332,42.430281]},"properties":{"Leaf type":"broadleaved"}},{"type":"Feature","geometry":{"type":"Point","coordinates":[-71.059511,42.430209]},"properties":{"Leaf type":"broadleaved"}},{"type":"Feature","geometry":{"type":"Point","coordinates":[-71.059186,42.43037]},"properties":{"Leaf type":"broadleaved"}},{"type":"Feature","geometry":{"type":"Point","coordinates":[-71.059549,42.42979]},"properties":{"Leaf type":"needleleaved"}},{"type":"Feature","geometry":{"type":"Point","coordinates":[-71.05934,42.430435]},"properties":{"Leaf type":"broadleaved"}},{"type":"Feature","geometry":{"type":"Point","coordinates":[-71.059718,42.430109]},"properties":{"Leaf type":"broadleaved"}},{"type":"Feature","geometry":{"type":"Point","coordinates":[-71.058578,42.429642]},"properties":{"Leaf type":"needleleaved"}},{"type":"Feature","geometry":{"type":"Point","coordinates":[-71.06233,42.43848]},"properties":{"Species":"Salix babylonica","Leaf type":"broadleaved"}},{"type":"Feature","geometry":{"type":"Point","coordinates":[-71.05383,42.424571]},"properties":{"Leaf type":"broadleaved"}},{"type":"Feature","geometry":{"type":"Point","coordinates":[-71.055343,42.423241]},"properties":{"Leaf type":"broadleaved"}},{"type":"Feature","geometry":{"type":"Point","coordinates":[-71.054288,42.424055]},"properties":{"Leaf type":"broadleaved"}},{"type":"Feature","geometry":{"type":"Point","coordinates":[-71.053883,42.424383]},"properties":{"Leaf type":"broadleaved"}},{"type":"Feature","geometry":{"type":"Point","coordinates":[-71.054504,42.423876]},"properties":{"Leaf type":"broadleaved"}},{"type":"Feature","geometry":{"type":"Point","coordinates":[-71.05383,42.424571]},"properties":{"Leaf type":"broadleaved"}},{"type":"Feature","geometry":{"type":"Point","coordinates":[-71.054048,42.424398]},"properties":{"Leaf type":"broadleaved"}},{"type":"Feature","geometry":{"type":"Point","coordinates":[-71.055029,42.423617]},"properties":{"Leaf type":"broadleaved"}},{"type":"Feature","geometry":{"type":"Point","coordinates":[-71.054332,42.424149]},"properties":{"Leaf type":"broadleaved"}},{"type":"Feature","geometry":{"type":"Point","coordinates":[-71.054153,42.424312]},"properties":{"Leaf type":"broadleaved"}},{"type":"Feature","geometry":{"type":"Point","coordinates":[-71.055471,42.42326]},"properties":{"Leaf type":"broadleaved"}},{"type":"Feature","geometry":{"type":"Point","coordinates":[-71.053977,42.424313]},"properties":{"Leaf type":"broadleaved"}},{"type":"Feature","geometry":{"type":"Point","coordinates":[-71.054479,42.424036]},"properties":{"Leaf type":"broadleaved"}},{"type":"Feature","geometry":{"type":"Point","coordinates":[-71.055257,42.423311]},"properties":{"Leaf type":"broadleaved"}},{"type":"Feature","geometry":{"type":"Point","coordinates":[-71.05241,42.425956]},"properties":{"Leaf type":"broadleaved"}},{"type":"Feature","geometry":{"type":"Point","coordinates":[-71.052197,42.426264]},"properties":{"Leaf type":"broadleaved"}},{"type":"Feature","geometry":{"type":"Point","coordinates":[-71.049251,42.429128]},"properties":{"Leaf type":"broadleaved"}},{"type":"Feature","geometry":{"type":"Point","coordinates":[-71.050727,42.428873]},"properties":{"Leaf type":"broadleaved"}},{"type":"Feature","geometry":{"type":"Point","coordinates":[-71.050252,42.428915]},"properties":{"Leaf type":"broadleaved"}},{"type":"Feature","geometry":{"type":"Point","coordinates":[-71.050523,42.428891]},"properties":{"Leaf type":"broadleaved"}},{"type":"Feature","geometry":{"type":"Point","coordinates":[-71.05009,42.428932]},"properties":{"Leaf type":"broadleaved"}},{"type":"Feature","geometry":{"type":"Point","coordinates":[-71.049405,42.429007]},"properties":{"Leaf type":"broadleaved"}},{"type":"Feature","geometry":{"type":"Point","coordinates":[-71.050825,42.428861]},"properties":{"Leaf type":"broadleaved"}},{"type":"Feature","geometry":{"type":"Point","coordinates":[-71.052081,42.426352]},"properties":{"Leaf type":"broadleaved"}},{"type":"Feature","geometry":{"type":"Point","coordinates":[-71.051959,42.426533]},"properties":{"Leaf type":"broadleaved"}},{"type":"Feature","geometry":{"type":"Point","coordinates":[-71.05112,42.428828]},"properties":{"Leaf type":"broadleaved"}},{"type":"Feature","geometry":{"type":"Point","coordinates":[-71.051957,42.426683]},"properties":{"Leaf type":"broadleaved"}},{"type":"Feature","geometry":{"type":"Point","coordinates":[-71.050998,42.428846]},"properties":{"Leaf type":"broadleaved"}},{"type":"Feature","geometry":{"type":"Point","coordinates":[-71.051874,42.426386]},"properties":{"Leaf type":"broadleaved"}},{"type":"Feature","geometry":{"type":"Point","coordinates":[-71.053027,42.425483]},"properties":{"Leaf type":"broadleaved"}},{"type":"Feature","geometry":{"type":"Point","coordinates":[-71.051246,42.428816]},"properties":{"Leaf type":"broadleaved"}},{"type":"Feature","geometry":{"type":"Point","coordinates":[-71.052219,42.426776]},"properties":{"Leaf type":"broadleaved"}},{"type":"Feature","geometry":{"type":"Point","coordinates":[-71.052737,42.427152]},"properties":{"Leaf type":"broadleaved"}},{"type":"Feature","geometry":{"type":"Point","coordinates":[-71.049254,42.429338]},"properties":{"Leaf type":"broadleaved"}},{"type":"Feature","geometry":{"type":"Point","coordinates":[-71.052473,42.425743]},"properties":{"Leaf type":"broadleaved"}},{"type":"Feature","geometry":{"type":"Point","coordinates":[-71.053165,42.424838]},"properties":{"Leaf type":"broadleaved"}},{"type":"Feature","geometry":{"type":"Point","coordinates":[-71.049632,42.428974]},"properties":{"Leaf type":"broadleaved"}},{"type":"Feature","geometry":{"type":"Point","coordinates":[-71.051961,42.426448]},"properties":{"Leaf type":"broadleaved"}},{"type":"Feature","geometry":{"type":"Point","coordinates":[-71.049776,42.428964]},"properties":{"Leaf type":"broadleaved"}},{"type":"Feature","geometry":{"type":"Point","coordinates":[-71.049249,42.429261]},"properties":{"Leaf type":"broadleaved"}},{"type":"Feature","geometry":{"type":"Point","coordinates":[-71.049319,42.429047]},"properties":{"Leaf type":"broadleaved"}},{"type":"Feature","geometry":{"type":"Point","coordinates":[-71.052339,42.426871]},"properties":{"Leaf type":"broadleaved"}},{"type":"Feature","geometry":{"type":"Point","coordinates":[-71.051996,42.42629]},"properties":{"Leaf type":"broadleaved"}},{"type":"Feature","geometry":{"type":"Point","coordinates":[-71.052442,42.425849]},"properties":{"Leaf type":"broadleaved"}},{"type":"Feature","geometry":{"type":"Point","coordinates":[-71.049966,42.42895]},"properties":{"Leaf type":"broadleaved"}},{"type":"Feature","geometry":{"type":"Point","coordinates":[-71.051855,42.426623]},"properties":{"Leaf type":"broadleaved"}},{"type":"Feature","geometry":{"type":"Point","coordinates":[-71.052229,42.426082]},"properties":{"Leaf type":"broadleaved"}},{"type":"Feature","geometry":{"type":"Point","coordinates":[-71.049708,42.428916]},"properties":{"Leaf type":"needleleaved"}},{"type":"Feature","geometry":{"type":"Point","coordinates":[-71.052056,42.426607]},"properties":{"Leaf type":"broadleaved"}}]}